sample_id,replicate_id,grid_id,topology_id,category,outlier_dimension,outlier_severity,eta,in_distance,ext_distance,lambda,relative_improvement,extended_outside,boundary_hit,outward_decrease,minimum_boundary_distance,minimum_sensitivity,condition_number,effective_rank,optimization_converged,experiment_scientific_hash
final01_test_in_01,final01,A_stage4a1_quick61,G001,parameter_in_domain,,,0.5,0.00664960692871765,0.000170639633262536,4.41881544220099e-05,0.974338387807566,1,1,1,0,0,Inf,3,0,2b57ad667460add303b33479b5da8e8e496a2d188b509d1fcaa9a88f01c73cda
final01_test_in_02,final01,A_stage4a1_quick61,G002,parameter_in_domain,,,0.5,0.00492997651693689,0.00184839750747164,2.08880951119218e-05,0.625069713466878,0,1,0,0.000320985642135674,0.155743303944964,186.830195342521,5,0,2b57ad667460add303b33479b5da8e8e496a2d188b509d1fcaa9a88f01c73cda
final01_test_in_02,final01,A_stage4a1_quick61,G005,parameter_in_domain,,,0.5,0.00489834229085075,0.00190113634167452,2.03794378087014e-05,0.611881687844193,0,1,0,0.000321010937244681,0.157002957971435,187.65530051289,5,0,2b57ad667460add303b33479b5da8e8e496a2d188b509d1fcaa9a88f01c73cda
final01_test_in_03,final01,A_stage4a1_quick61,G003,parameter_in_domain,,,0.5,0.0327773904003556,0.00932612600328775,0.000987380695228127,0.715470759261481,1,1,1,0.000113802097050364,0.158986595596242,279.818093730643,5,0,2b57ad667460add303b33479b5da8e8e496a2d188b509d1fcaa9a88f01c73cda
final01_test_in_04,final01,A_stage4a1_quick61,G004,parameter_in_domain,,,0.5,0.0262066456294908,0.00263123356127846,0.000679864885095713,0.899596705378537,0,1,0,1.53138723320012e-06,0.107745089953411,253.948003892021,5,0,2b57ad667460add303b33479b5da8e8e496a2d188b509d1fcaa9a88f01c73cda
final01_test_in_04,final01,A_stage4a1_quick61,G007,parameter_in_domain,,,0.5,0.0170921188313568,0.00268454598717063,0.000284933738987989,0.842936618069344,0,1,0,0.000154592169664625,0.105426542975924,208.224462905749,5,0,2b57ad667460add303b33479b5da8e8e496a2d188b509d1fcaa9a88f01c73cda
final01_test_in_05,final01,A_stage4a1_quick61,G002,parameter_in_domain,,,0.5,0.0155446930233189,0.0146925770019689,2.57656622304315e-05,0.0548171662198046,0,1,0,0.000167376919188911,0.134672868475077,212.407598265028,5,0,2b57ad667460add303b33479b5da8e8e496a2d188b509d1fcaa9a88f01c73cda
final01_test_in_05,final01,A_stage4a1_quick61,G005,parameter_in_domain,,,0.5,0.0145572152689656,0.013881016698654,1.92298917986955e-05,0.0464510936859457,0,1,0,0.000151563659695597,0.13352873380052,184.991809642384,5,0,2b57ad667460add303b33479b5da8e8e496a2d188b509d1fcaa9a88f01c73cda
final01_test_in_06,final01,A_stage4a1_quick61,G006,parameter_in_domain,,,0.5,0.0175626155875346,0.00342670373889901,0.000296703167761328,0.804886480454764,1,1,1,3.433433349187e-06,0.103211975025564,295.663474272782,5,0,2b57ad667460add303b33479b5da8e8e496a2d188b509d1fcaa9a88f01c73cda
final01_test_in_07,final01,A_stage4a1_quick61,G004,parameter_in_domain,,,0.5,0.0149880262026701,0.0147963726155646,5.70828687329559e-06,0.0127871131596082,0,0,0,0.0714021556200238,0.115305141352723,259.489521593241,5,0,2b57ad667460add303b33479b5da8e8e496a2d188b509d1fcaa9a88f01c73cda
final01_test_in_07,final01,A_stage4a1_quick61,G007,parameter_in_domain,,,0.5,0.0149880242006047,0.014794943419528,5.75051865087819e-06,0.0128823371566253,0,0,0,0.0714021556200238,0.112686167399757,205.920449875476,5,0,2b57ad667460add303b33479b5da8e8e496a2d188b509d1fcaa9a88f01c73cda
final01_test_out_main_length_scale_near,final01,A_stage4a1_quick61,G001,parameter_out_of_domain,main_length_scale,near,0.5,0.0944155679793225,0.00211158440541617,0.00890984068815687,0.977635209408937,1,1,1,0,0,Inf,3,0,2b57ad667460add303b33479b5da8e8e496a2d188b509d1fcaa9a88f01c73cda
final01_test_out_branch_length_scale_medium,final01,A_stage4a1_quick61,G002,parameter_out_of_domain,branch_length_scale,medium,0.5,0.0359084928467742,0.00380768999189229,0.00127492135545247,0.893961297428045,1,1,1,0.000175659135712181,0.14725558531321,176.953616495438,5,0,2b57ad667460add303b33479b5da8e8e496a2d188b509d1fcaa9a88f01c73cda
final01_test_out_branch_length_scale_medium,final01,A_stage4a1_quick61,G005,parameter_out_of_domain,branch_length_scale,medium,0.5,0.0359084949678564,0.00365863482816954,0.00127603440205068,0.898112275873921,1,1,1,0.000175659135712181,0.148735452861724,175.203732157524,5,0,2b57ad667460add303b33479b5da8e8e496a2d188b509d1fcaa9a88f01c73cda
final01_test_out_branch_load_scale_far,final01,A_stage4a1_quick61,G003,parameter_out_of_domain,branch_load_scale,far,0.5,0.048156127401002,0.0105905949731222,0.00220685190437682,0.780077935135583,1,1,1,0.000138316002014083,0.15009844940981,266.027764778373,5,0,2b57ad667460add303b33479b5da8e8e496a2d188b509d1fcaa9a88f01c73cda
final01_test_out_source_impedance_ohm_near,final01,A_stage4a1_quick61,G004,parameter_out_of_domain,source_impedance_ohm,near,0.5,0.0588606702549352,0.00990753603958137,0.00336641923248461,0.831678164766016,1,1,1,0,0.108371898518251,233.896817306786,5,0,2b57ad667460add303b33479b5da8e8e496a2d188b509d1fcaa9a88f01c73cda
final01_test_out_source_impedance_ohm_near,final01,A_stage4a1_quick61,G007,parameter_out_of_domain,source_impedance_ohm,near,0.5,0.0587419268036836,0.0112830818773236,0.00332330602795894,0.80792114777168,1,1,1,0,0.10689372413528,189.390394595045,5,0,2b57ad667460add303b33479b5da8e8e496a2d188b509d1fcaa9a88f01c73cda
final01_test_out_receiver_impedance_ohm_medium,final01,A_stage4a1_quick61,G002,parameter_out_of_domain,receiver_impedance_ohm,medium,0.5,0.0412565825726343,0.0170641026878156,0.00141092200503228,0.586390786043421,1,1,1,7.68943515965237e-05,0.180870477229706,208.170861819408,5,0,2b57ad667460add303b33479b5da8e8e496a2d188b509d1fcaa9a88f01c73cda
final01_test_out_receiver_impedance_ohm_medium,final01,A_stage4a1_quick61,G005,parameter_out_of_domain,receiver_impedance_ohm,medium,0.5,0.0412567766073174,0.0254875948933524,0.00105250412257845,0.382220401357917,1,1,0,7.68943515965237e-05,0.180986362029424,188.565644468813,5,0,2b57ad667460add303b33479b5da8e8e496a2d188b509d1fcaa9a88f01c73cda
final01_test_out_joint_parameter_set_far,final01,A_stage4a1_quick61,G004,parameter_out_of_domain,joint_parameter_set,far,0.5,0.212729975884901,0.0974950009795485,0.0357487674239882,0.541695990071279,1,1,1,0,0.0952263054832093,212.682368442877,5,0,2b57ad667460add303b33479b5da8e8e496a2d188b509d1fcaa9a88f01c73cda
final01_test_out_joint_parameter_set_far,final01,A_stage4a1_quick61,G007,parameter_out_of_domain,joint_parameter_set,far,0.5,0.212729975884901,0.0974950100937526,0.0357487656468095,0.541695947227274,1,1,1,0,0.0923696912493488,179.874535118868,5,0,2b57ad667460add303b33479b5da8e8e496a2d188b509d1fcaa9a88f01c73cda
final02_test_in_01,final02,A_stage4a1_quick61,G001,parameter_in_domain,,,0.5,0.0350127302133836,0.00387449613518474,0.00121087955669362,0.889340359564618,1,1,0,0.000109755756921004,0,Inf,3,0,2b57ad667460add303b33479b5da8e8e496a2d188b509d1fcaa9a88f01c73cda
final02_test_in_02,final02,A_stage4a1_quick61,G002,parameter_in_domain,,,0.5,0.0174503822366189,0.0170980943697331,1.21710091278051e-05,0.0201879742282283,0,1,0,0.000416491076638437,0.148288964169284,184.118147945173,5,0,2b57ad667460add303b33479b5da8e8e496a2d188b509d1fcaa9a88f01c73cda
final02_test_in_02,final02,A_stage4a1_quick61,G005,parameter_in_domain,,,0.5,0.0175503171502737,0.0171742207230098,1.30597746325323e-05,0.0214296085946581,0,1,0,0.000798636858120716,0.148573764351486,191.326781863654,5,0,2b57ad667460add303b33479b5da8e8e496a2d188b509d1fcaa9a88f01c73cda
final02_test_in_03,final02,A_stage4a1_quick61,G003,parameter_in_domain,,,0.5,0.0464269789859253,0.0107912394772104,0.00203901352830505,0.767565331329239,0,1,0,0,0.148852682783903,261.881705577287,5,0,2b57ad667460add303b33479b5da8e8e496a2d188b509d1fcaa9a88f01c73cda
final02_test_in_04,final02,A_stage4a1_quick61,G004,parameter_in_domain,,,0.5,0.0104650615778824,0.00612429392765701,7.20105377165339e-05,0.414786632405937,0,1,0,0.000199694945931839,0.119077992061773,240.406693558737,5,0,2b57ad667460add303b33479b5da8e8e496a2d188b509d1fcaa9a88f01c73cda
final02_test_in_04,final02,A_stage4a1_quick61,G007,parameter_in_domain,,,0.5,0.0105373098044531,0.00626218023212079,7.18199966554592e-05,0.405713569332461,0,1,0,0.000204120329223656,0.116659581546404,199.529790465449,5,0,2b57ad667460add303b33479b5da8e8e496a2d188b509d1fcaa9a88f01c73cda
final02_test_in_05,final02,A_stage4a1_quick61,G002,parameter_in_domain,,,0.5,0.0362482306037632,0.00759194462474628,0.00125629659871838,0.790556821696321,0,1,0,0.000171380320599379,0.145766295061413,189.711008757949,5,0,2b57ad667460add303b33479b5da8e8e496a2d188b509d1fcaa9a88f01c73cda
final02_test_in_05,final02,A_stage4a1_quick61,G005,parameter_in_domain,,,0.5,0.0362482921788571,0.00759225803871112,0.00125629630375742,0.790548531168316,0,1,0,0.000171380320599379,0.145596209851653,194.938503586536,5,0,2b57ad667460add303b33479b5da8e8e496a2d188b509d1fcaa9a88f01c73cda
final02_test_in_06,final02,A_stage4a1_quick61,G006,parameter_in_domain,,,0.5,0.0422211027247518,0.0270317312236401,0.00105190702234692,0.359757811153692,0,1,0,0,0.111897991200202,294.169986555509,5,0,2b57ad667460add303b33479b5da8e8e496a2d188b509d1fcaa9a88f01c73cda
final02_test_in_07,final02,A_stage4a1_quick61,G004,parameter_in_domain,,,0.5,0.0441761252478108,0.0105157828699713,0.00184094835254189,0.761957781228122,1,1,0,0.000126351485346676,0.114795447719445,232.729293252514,5,0,2b57ad667460add303b33479b5da8e8e496a2d188b509d1fcaa9a88f01c73cda
final02_test_in_07,final02,A_stage4a1_quick61,G007,parameter_in_domain,,,0.5,0.0441126738423973,0.0115073843818031,0.00181350809821515,0.739136547839855,1,1,0,0.000118606010258704,0.111859712338237,190.626463692885,5,0,2b57ad667460add303b33479b5da8e8e496a2d188b509d1fcaa9a88f01c73cda
final02_test_out_main_length_scale_medium,final02,A_stage4a1_quick61,G004,parameter_out_of_domain,main_length_scale,medium,0.5,0.213892136679462,0.0993061502169488,0.0358881346623946,0.535718555346875,1,1,1,1.89913755832549e-07,0.11591957753758,280.59674057855,5,0,2b57ad667460add303b33479b5da8e8e496a2d188b509d1fcaa9a88f01c73cda
final02_test_out_main_length_scale_medium,final02,A_stage4a1_quick61,G007,parameter_out_of_domain,main_length_scale,medium,0.5,0.213600411770201,0.105607511471245,0.0344721894292504,0.505583764579225,1,1,1,8.58592799080071e-07,0.103197029713883,214.853920756552,5,0,2b57ad667460add303b33479b5da8e8e496a2d188b509d1fcaa9a88f01c73cda
final02_test_out_branch_length_scale_far,final02,A_stage4a1_quick61,G003,parameter_out_of_domain,branch_length_scale,far,0.5,0.0785465124254806,0.0263435146028653,0.0054755738525748,0.664612548793649,1,1,1,0.000129269572627377,0.148764042686875,266.390594594164,5,0,2b57ad667460add303b33479b5da8e8e496a2d188b509d1fcaa9a88f01c73cda
final02_test_out_branch_load_scale_near,final02,A_stage4a1_quick61,G004,parameter_out_of_domain,branch_load_scale,near,0.5,0.063232643972243,0.0154855065257479,0.00375856635136145,0.755102656575603,1,1,1,6.6464353687401e-08,0.135355580314652,221.318057385255,5,0,2b57ad667460add303b33479b5da8e8e496a2d188b509d1fcaa9a88f01c73cda
final02_test_out_branch_load_scale_near,final02,A_stage4a1_quick61,G007,parameter_out_of_domain,branch_load_scale,near,0.5,0.0630410124686026,0.0408286576668311,0.00230718996619122,0.352347684969082,1,1,1,6.45864688397779e-08,0.105807752413124,162.463294075798,5,0,2b57ad667460add303b33479b5da8e8e496a2d188b509d1fcaa9a88f01c73cda
final02_test_out_source_impedance_ohm_medium,final02,A_stage4a1_quick61,G002,parameter_out_of_domain,source_impedance_ohm,medium,0.5,0.0342063313750619,0.00939296885928942,0.00108184524214896,0.725402623361628,1,1,1,0.000149034292965533,0.139673018911228,210.847401285153,5,0,2b57ad667460add303b33479b5da8e8e496a2d188b509d1fcaa9a88f01c73cda
final02_test_out_source_impedance_ohm_medium,final02,A_stage4a1_quick61,G005,parameter_out_of_domain,source_impedance_ohm,medium,0.5,0.0337330224547548,0.00382989362474906,0.0011232487187561,0.886464557666825,1,1,1,0.000147360251162576,0.138111322814253,191.333156652101,5,0,2b57ad667460add303b33479b5da8e8e496a2d188b509d1fcaa9a88f01c73cda
final02_test_out_receiver_impedance_ohm_far,final02,A_stage4a1_quick61,G006,parameter_out_of_domain,receiver_impedance_ohm,far,0.5,0.0477409804791168,0.0117818266811693,0.0021403897771623,0.753213558588805,1,1,1,0,0.126932643728418,290.249690264461,5,0,2b57ad667460add303b33479b5da8e8e496a2d188b509d1fcaa9a88f01c73cda
final02_test_out_joint_parameter_set_near,final02,A_stage4a1_quick61,G004,parameter_out_of_domain,joint_parameter_set,near,0.5,0.0464736835034115,0.00545053242013268,0.00213009495471235,0.882717873640998,1,1,1,1.12038534005876e-06,0.101805663452696,248.523697996501,5,0,2b57ad667460add303b33479b5da8e8e496a2d188b509d1fcaa9a88f01c73cda
final02_test_out_joint_parameter_set_near,final02,A_stage4a1_quick61,G007,parameter_out_of_domain,joint_parameter_set,near,0.5,0.04631924699865,0.00527516826133116,0.00211764524233659,0.886112823415048,1,1,1,7.63730130248774e-07,0.0988278850980026,196.431507581149,5,0,2b57ad667460add303b33479b5da8e8e496a2d188b509d1fcaa9a88f01c73cda
final03_test_in_01,final03,A_stage4a1_quick61,G001,parameter_in_domain,,,0.5,0.0213840643477715,0.000702222733728366,0.000456785091261868,0.967161400037187,1,1,0,0.000162459616625199,0,Inf,3,0,2b57ad667460add303b33479b5da8e8e496a2d188b509d1fcaa9a88f01c73cda
final03_test_in_02,final03,A_stage4a1_quick61,G002,parameter_in_domain,,,0.5,0.0212725091871438,0.00279238539886637,0.000444722230901317,0.868732673932857,0,1,0,0.00317525327780785,0.145441690437667,188.063305311831,5,0,2b57ad667460add303b33479b5da8e8e496a2d188b509d1fcaa9a88f01c73cda
final03_test_in_02,final03,A_stage4a1_quick61,G005,parameter_in_domain,,,0.5,0.0212748277326442,0.00252285510189905,0.000446253497188508,0.881415956242532,0,1,0,0.00163195080000875,0.14545379309025,195.220887064529,5,0,2b57ad667460add303b33479b5da8e8e496a2d188b509d1fcaa9a88f01c73cda
final03_test_in_03,final03,A_stage4a1_quick61,G003,parameter_in_domain,,,0.5,0.0134408340593358,0.0109123258131537,6.15771655581819e-05,0.188121379583417,1,1,1,0,0.127835766698842,232.1350414257,5,0,2b57ad667460add303b33479b5da8e8e496a2d188b509d1fcaa9a88f01c73cda
final03_test_in_04,final03,A_stage4a1_quick61,G004,parameter_in_domain,,,0.5,0.0229719098332684,0.0225538820883881,1.90310441309005e-05,0.0181973439690557,0,1,0,0.000430813243637829,0.120633435558992,252.894604060899,5,0,2b57ad667460add303b33479b5da8e8e496a2d188b509d1fcaa9a88f01c73cda
final03_test_in_04,final03,A_stage4a1_quick61,G007,parameter_in_domain,,,0.5,0.0230525971517444,0.0225855706883005,2.13142321243941e-05,0.0202591690797092,0,1,0,0.000470739241746543,0.117923732774877,209.758646463272,5,0,2b57ad667460add303b33479b5da8e8e496a2d188b509d1fcaa9a88f01c73cda
final03_test_in_05,final03,A_stage4a1_quick61,G002,parameter_in_domain,,,0.5,0.0255743023012641,0.0058152084230984,0.000620228289192367,0.772615168329203,0,1,0,0,0.134384991304586,194.125802063992,5,0,2b57ad667460add303b33479b5da8e8e496a2d188b509d1fcaa9a88f01c73cda
final03_test_in_05,final03,A_stage4a1_quick61,G005,parameter_in_domain,,,0.5,0.025997856847806,0.00193466411043194,0.000672145635458822,0.925583707815485,0,1,0,0,0.135453436476021,177.529722602971,5,0,2b57ad667460add303b33479b5da8e8e496a2d188b509d1fcaa9a88f01c73cda
final03_test_in_06,final03,A_stage4a1_quick61,G006,parameter_in_domain,,,0.5,0.00764001698511373,0.00337877054379138,4.6953769145234e-05,0.557753529745741,0,1,0,6.53513136569472e-05,0.101087821622066,263.436126933381,5,0,2b57ad667460add303b33479b5da8e8e496a2d188b509d1fcaa9a88f01c73cda
final03_test_in_07,final03,A_stage4a1_quick61,G004,parameter_in_domain,,,0.5,0.0156676141551621,0.0117051489956748,0.000108463620304089,0.252908012668213,1,1,1,0.0113947137067694,0.101987040722672,255.097744201018,5,0,2b57ad667460add303b33479b5da8e8e496a2d188b509d1fcaa9a88f01c73cda
final03_test_in_07,final03,A_stage4a1_quick61,G007,parameter_in_domain,,,0.5,0.0155441163353566,0.00991244743799588,0.000143362938436069,0.362302286955268,1,1,0,0.00361565117477838,0.0993327587206367,203.909938883128,5,0,2b57ad667460add303b33479b5da8e8e496a2d188b509d1fcaa9a88f01c73cda
final03_test_out_main_length_scale_far,final03,A_stage4a1_quick61,G004,parameter_out_of_domain,main_length_scale,far,0.5,0.337615313200816,0.177270428969538,0.082559294720641,0.474933683281803,1,1,1,0,0.108424381699461,266.768740636668,5,0,2b57ad667460add303b33479b5da8e8e496a2d188b509d1fcaa9a88f01c73cda
final03_test_out_main_length_scale_far,final03,A_stage4a1_quick61,G007,parameter_out_of_domain,main_length_scale,far,0.5,0.337615313200816,0.17790352942997,0.0823344339240446,0.473058470767215,1,1,1,0,0.10764677868951,212.503009786029,5,0,2b57ad667460add303b33479b5da8e8e496a2d188b509d1fcaa9a88f01c73cda
final03_test_out_branch_length_scale_near,final03,A_stage4a1_quick61,G004,parameter_out_of_domain,branch_length_scale,near,0.5,0.00988968656980898,0.00310518019918143,8.81637563796716e-05,0.686018340627005,1,1,1,3.37531983252148e-06,0.115904315402269,227.935144846389,5,0,2b57ad667460add303b33479b5da8e8e496a2d188b509d1fcaa9a88f01c73cda
final03_test_out_branch_length_scale_near,final03,A_stage4a1_quick61,G007,parameter_out_of_domain,branch_length_scale,near,0.5,0.00994276309656921,0.0041380458166424,8.17351148138668e-05,0.583813294449903,1,1,1,1.87066448875672e-05,0.113455194934303,183.86610113919,5,0,2b57ad667460add303b33479b5da8e8e496a2d188b509d1fcaa9a88f01c73cda
final03_test_out_branch_load_scale_medium,final03,A_stage4a1_quick61,G002,parameter_out_of_domain,branch_load_scale,medium,0.5,0.063682277607411,0.00328986242459654,0.00404460928649459,0.948339435253458,1,1,1,0,0.143528134052766,187.56805134812,5,0,2b57ad667460add303b33479b5da8e8e496a2d188b509d1fcaa9a88f01c73cda
final03_test_out_branch_load_scale_medium,final03,A_stage4a1_quick61,G005,parameter_out_of_domain,branch_load_scale,medium,0.5,0.0616227723016479,0.00632163884613639,0.00375740294843976,0.897413916788928,1,1,1,0,0.144208813294666,186.546196506018,5,0,2b57ad667460add303b33479b5da8e8e496a2d188b509d1fcaa9a88f01c73cda
final03_test_out_source_impedance_ohm_far,final03,A_stage4a1_quick61,G006,parameter_out_of_domain,source_impedance_ohm,far,0.5,0.0497814392556188,0.0052759049326281,0.00245035652150273,0.894018634004708,1,1,0,0.0483848920739213,0.119094094619698,279.982290065167,5,0,2b57ad667460add303b33479b5da8e8e496a2d188b509d1fcaa9a88f01c73cda
final03_test_out_receiver_impedance_ohm_near,final03,A_stage4a1_quick61,G004,parameter_out_of_domain,receiver_impedance_ohm,near,0.5,0.013691020225396,0.00392698968513128,0.000172022786825074,0.713170412343695,1,1,1,0,0.131276101898348,256.903804547591,5,0,2b57ad667460add303b33479b5da8e8e496a2d188b509d1fcaa9a88f01c73cda
final03_test_out_receiver_impedance_ohm_near,final03,A_stage4a1_quick61,G007,parameter_out_of_domain,receiver_impedance_ohm,near,0.5,0.0136258248030177,0.011728766541641,4.8099136974214e-05,0.139225205715055,0,1,1,0,0.122182680178071,195.539205325826,5,0,2b57ad667460add303b33479b5da8e8e496a2d188b509d1fcaa9a88f01c73cda
final03_test_out_joint_parameter_set_medium,final03,A_stage4a1_quick61,G002,parameter_out_of_domain,joint_parameter_set,medium,0.5,0.284530650455153,0.14450666192184,0.0600755157086394,0.492122688043731,1,1,1,0,0.152960435692527,232.947603510986,5,0,2b57ad667460add303b33479b5da8e8e496a2d188b509d1fcaa9a88f01c73cda
final03_test_out_joint_parameter_set_medium,final03,A_stage4a1_quick61,G005,parameter_out_of_domain,joint_parameter_set,medium,0.5,0.284531441049776,0.145090908563501,0.0599067691980799,0.490070735140273,1,1,1,3.91242593877905e-12,0.133949780310258,194.093110522737,5,0,2b57ad667460add303b33479b5da8e8e496a2d188b509d1fcaa9a88f01c73cda
final04_test_in_01,final04,A_stage4a1_quick61,G001,parameter_in_domain,,,0.5,0.0395404514475318,0.00279764567217884,0.00155562047936756,0.929245985549244,1,1,1,0.000135400101699212,0,Inf,3,0,2b57ad667460add303b33479b5da8e8e496a2d188b509d1fcaa9a88f01c73cda
final04_test_in_02,final04,A_stage4a1_quick61,G002,parameter_in_domain,,,0.5,0.0160154634417627,0.00448561936070569,0.000236374288205301,0.719919477963486,0,1,0,0.0426647467770136,0.148588064949175,185.719617807447,5,0,2b57ad667460add303b33479b5da8e8e496a2d188b509d1fcaa9a88f01c73cda
final04_test_in_02,final04,A_stage4a1_quick61,G005,parameter_in_domain,,,0.5,0.00847528796857849,0.00337709687653842,6.04257228368058e-05,0.601536031618006,0,1,0,2.86692170448077e-08,0.149219504953635,193.296880722487,5,0,2b57ad667460add303b33479b5da8e8e496a2d188b509d1fcaa9a88f01c73cda
final04_test_in_03,final04,A_stage4a1_quick61,G003,parameter_in_domain,,,0.5,0.114527403826052,0.0445065239891635,0.0111356955495377,0.611389741643207,1,1,1,0.00043225730844938,0.178258460108658,338.836984417303,5,0,2b57ad667460add303b33479b5da8e8e496a2d188b509d1fcaa9a88f01c73cda
final04_test_in_04,final04,A_stage4a1_quick61,G004,parameter_in_domain,,,0.5,0.0191903458941678,0.00392404426802741,0.000352871252120365,0.795519878043705,0,1,1,0.00326283204031839,0.108032706771019,251.445385556877,5,0,2b57ad667460add303b33479b5da8e8e496a2d188b509d1fcaa9a88f01c73cda
final04_test_in_04,final04,A_stage4a1_quick61,G007,parameter_in_domain,,,0.5,0.0198826217620372,0.0034606398932702,0.00038334261966134,0.825946500641897,1,1,1,1.27750134168991e-06,0.113551818690099,205.814386961244,5,0,2b57ad667460add303b33479b5da8e8e496a2d188b509d1fcaa9a88f01c73cda
final04_test_in_05,final04,A_stage4a1_quick61,G002,parameter_in_domain,,,0.5,0.0200570549285165,0.00388060481379132,0.00038722635868471,0.806521703788102,0,1,0,0,0.141645328705685,194.674883100039,5,0,2b57ad667460add303b33479b5da8e8e496a2d188b509d1fcaa9a88f01c73cda
final04_test_in_05,final04,A_stage4a1_quick61,G005,parameter_in_domain,,,0.5,0.0136256254192754,0.00480855725923443,0.000162535445151067,0.647094565429698,1,1,1,0,0.130978525541443,179.308708421341,5,0,2b57ad667460add303b33479b5da8e8e496a2d188b509d1fcaa9a88f01c73cda
final04_test_in_06,final04,A_stage4a1_quick61,G006,parameter_in_domain,,,0.5,0.0337603258438814,0.0335023474781771,1.73523145365292e-05,0.00764146551457078,0,1,1,1.21458618240755e-06,0.109773361471699,290.71026095308,5,0,2b57ad667460add303b33479b5da8e8e496a2d188b509d1fcaa9a88f01c73cda
final04_test_in_07,final04,A_stage4a1_quick61,G004,parameter_in_domain,,,0.5,0.0301765372802645,0.00365999932384122,0.000897227807176672,0.878713740720888,1,1,0,0.000172437746746024,0.11492341773231,260.102254540531,5,0,2b57ad667460add303b33479b5da8e8e496a2d188b509d1fcaa9a88f01c73cda
final04_test_in_07,final04,A_stage4a1_quick61,G007,parameter_in_domain,,,0.5,0.0308557364155037,0.0043621655553554,0.000933047981410711,0.858627079986909,1,1,0,0.000310673054840227,0.111101598153661,208.898920721094,5,0,2b57ad667460add303b33479b5da8e8e496a2d188b509d1fcaa9a88f01c73cda
final04_test_out_main_length_scale_near,final04,A_stage4a1_quick61,G004,parameter_out_of_domain,main_length_scale,near,0.5,0.0486253542822603,0.00470871446740712,0.00234225308713976,0.9031633900089,1,1,1,1.7222032688835e-07,0.101900243472562,251.452201374243,5,0,2b57ad667460add303b33479b5da8e8e496a2d188b509d1fcaa9a88f01c73cda
final04_test_out_main_length_scale_near,final04,A_stage4a1_quick61,G007,parameter_out_of_domain,main_length_scale,near,0.5,0.0481779456777347,0.00522844580944139,0.00229377780414449,0.891476364614916,1,1,1,1.40349221355862e-06,0.0989895499626674,198.575351016724,5,0,2b57ad667460add303b33479b5da8e8e496a2d188b509d1fcaa9a88f01c73cda
final04_test_out_branch_length_scale_medium,final04,A_stage4a1_quick61,G002,parameter_out_of_domain,branch_length_scale,medium,0.5,0.0361756144221285,0.00529300088887121,0.00128065922040892,0.853685943576201,1,1,1,0,0.161121312101961,206.526722088535,5,0,2b57ad667460add303b33479b5da8e8e496a2d188b509d1fcaa9a88f01c73cda
final04_test_out_branch_length_scale_medium,final04,A_stage4a1_quick61,G005,parameter_out_of_domain,branch_length_scale,medium,0.5,0.0357844752502391,0.00492939652637086,0.00125622971882078,0.86224762294928,1,1,1,0,0.159923946751209,184.151272988639,5,0,2b57ad667460add303b33479b5da8e8e496a2d188b509d1fcaa9a88f01c73cda
final04_test_out_branch_load_scale_far,final04,A_stage4a1_quick61,G006,parameter_out_of_domain,branch_load_scale,far,0.5,0.0502869321144745,0.0067401376984141,0.00248334608529218,0.865966416803144,1,1,1,0.000154390426441164,0.126806204576114,317.285306220629,5,0,2b57ad667460add303b33479b5da8e8e496a2d188b509d1fcaa9a88f01c73cda
final04_test_out_source_impedance_ohm_near,final04,A_stage4a1_quick61,G004,parameter_out_of_domain,source_impedance_ohm,near,0.5,0.134293632948201,0.0245104357415122,0.0174340183901873,0.817486241125194,1,1,1,0.00053319511492802,0.0974251880189613,216.342444664045,5,0,2b57ad667460add303b33479b5da8e8e496a2d188b509d1fcaa9a88f01c73cda
final04_test_out_source_impedance_ohm_near,final04,A_stage4a1_quick61,G007,parameter_out_of_domain,source_impedance_ohm,near,0.5,0.134211355543183,0.0303577234534567,0.0170910965834622,0.773806595340863,1,1,1,0.0004609371151993,0.0946853821353166,179.922647398045,5,0,2b57ad667460add303b33479b5da8e8e496a2d188b509d1fcaa9a88f01c73cda
final04_test_out_receiver_impedance_ohm_medium,final04,A_stage4a1_quick61,G001,parameter_out_of_domain,receiver_impedance_ohm,medium,0.5,0.0774248394835045,0.00262772079358398,0.0059877008524774,0.966061010754696,1,1,1,0.000108785136056611,0,Inf,3,0,2b57ad667460add303b33479b5da8e8e496a2d188b509d1fcaa9a88f01c73cda
final04_test_out_joint_parameter_set_far,final04,A_stage4a1_quick61,G004,parameter_out_of_domain,joint_parameter_set,far,0.5,0.260552920572681,0.140234247470264,0.0482221802554027,0.461782093393932,1,1,1,0,0.0953953439297705,208.570790332758,5,0,2b57ad667460add303b33479b5da8e8e496a2d188b509d1fcaa9a88f01c73cda
final04_test_out_joint_parameter_set_far,final04,A_stage4a1_quick61,G007,parameter_out_of_domain,joint_parameter_set,far,0.5,0.260552920572681,0.140150384581125,0.0482456941207167,0.462103958483583,1,1,1,0,0.0910972115997714,174.04471644273,5,0,2b57ad667460add303b33479b5da8e8e496a2d188b509d1fcaa9a88f01c73cda
final05_test_in_01,final05,A_stage4a1_quick61,G001,parameter_in_domain,,,0.5,0.0503429066534746,0.00372564878101394,0.00252052779148099,0.925994563492635,1,1,0,0,0,Inf,3,0,2b57ad667460add303b33479b5da8e8e496a2d188b509d1fcaa9a88f01c73cda
final05_test_in_02,final05,A_stage4a1_quick61,G002,parameter_in_domain,,,0.5,0.00495909510546061,0.0024513487236561,1.8583513700033e-05,0.505686285092106,1,1,0,0.000256227907052264,0.128693892046759,187.330520705957,5,0,2b57ad667460add303b33479b5da8e8e496a2d188b509d1fcaa9a88f01c73cda
final05_test_in_02,final05,A_stage4a1_quick61,G005,parameter_in_domain,,,0.5,0.00382708747691671,0.00220484906177164,9.78523917077744e-06,0.423883285789993,0,1,0,0.000255610274519369,0.14736118171309,181.618001065837,5,0,2b57ad667460add303b33479b5da8e8e496a2d188b509d1fcaa9a88f01c73cda
final05_test_in_03,final05,A_stage4a1_quick61,G003,parameter_in_domain,,,0.5,0.0307874162025755,0.00482599687183969,0.000924574750623603,0.843247746386746,1,1,1,0,0.135530892142378,253.509949345366,5,0,2b57ad667460add303b33479b5da8e8e496a2d188b509d1fcaa9a88f01c73cda
final05_test_in_04,final05,A_stage4a1_quick61,G004,parameter_in_domain,,,0.5,0.00772068816133612,0.00473796367758088,3.716072587452e-05,0.386328837668368,0,1,0,0.000851411207989927,0.113937521915767,261.29416258687,5,0,2b57ad667460add303b33479b5da8e8e496a2d188b509d1fcaa9a88f01c73cda
final05_test_in_04,final05,A_stage4a1_quick61,G007,parameter_in_domain,,,0.5,0.00580585726619575,0.00419056081104791,1.61471786843475e-05,0.27821842336266,0,1,0,0.000422505173658938,0.109660077940673,215.713568306781,5,0,2b57ad667460add303b33479b5da8e8e496a2d188b509d1fcaa9a88f01c73cda
final05_test_in_05,final05,A_stage4a1_quick61,G002,parameter_in_domain,,,0.5,0.0498412661487209,0.00526680412511704,0.00245641258561528,0.894328444420015,0,1,0,0,0.147159380786158,193.365754847707,5,0,2b57ad667460add303b33479b5da8e8e496a2d188b509d1fcaa9a88f01c73cda
final05_test_in_05,final05,A_stage4a1_quick61,G005,parameter_in_domain,,,0.5,0.0498412661487209,0.00570259803475988,0.00245163218696159,0.885584808005689,0,1,0,0,0.146637482187042,186.366741200456,5,0,2b57ad667460add303b33479b5da8e8e496a2d188b509d1fcaa9a88f01c73cda
final05_test_in_06,final05,A_stage4a1_quick61,G006,parameter_in_domain,,,0.5,0.0186925964384719,0.00328340463668448,0.00033863241560337,0.824347321234029,0,1,0,0.0197556523676023,0.113346333385556,310.707393901722,5,0,2b57ad667460add303b33479b5da8e8e496a2d188b509d1fcaa9a88f01c73cda
final05_test_in_07,final05,A_stage4a1_quick61,G004,parameter_in_domain,,,0.5,0.0172242641088168,0.00557844014727515,0.000265556279613543,0.676128970578442,0,1,1,0,0.110554287346724,237.248422281789,5,0,2b57ad667460add303b33479b5da8e8e496a2d188b509d1fcaa9a88f01c73cda
final05_test_in_07,final05,A_stage4a1_quick61,G007,parameter_in_domain,,,0.5,0.0145416362684283,0.00833507590481136,0.000141985695024302,0.426813066192924,0,1,0,0,0.11182791698291,195.770690589954,5,0,2b57ad667460add303b33479b5da8e8e496a2d188b509d1fcaa9a88f01c73cda
final05_test_out_main_length_scale_medium,final05,A_stage4a1_quick61,G004,parameter_out_of_domain,main_length_scale,medium,0.5,0.195715018267491,0.105430697066045,0.0271887364916121,0.461305024009907,1,1,1,0,0.102091322855196,228.844575199279,5,1,2b57ad667460add303b33479b5da8e8e496a2d188b509d1fcaa9a88f01c73cda
final05_test_out_main_length_scale_medium,final05,A_stage4a1_quick61,G007,parameter_out_of_domain,main_length_scale,medium,0.5,0.195695298345958,0.101085488583436,0.0280783737925613,0.483454689824908,1,1,1,1.60914106706045e-06,0.10420416406234,194.550002339856,5,0,2b57ad667460add303b33479b5da8e8e496a2d188b509d1fcaa9a88f01c73cda
final05_test_out_branch_length_scale_far,final05,A_stage4a1_quick61,G006,parameter_out_of_domain,branch_length_scale,far,0.5,0.0883659789979493,0.0272497848944293,0.00706599546747335,0.691625836049943,1,1,1,0,0.105514334627798,260.791262056422,5,0,2b57ad667460add303b33479b5da8e8e496a2d188b509d1fcaa9a88f01c73cda
final05_test_out_branch_load_scale_near,final05,A_stage4a1_quick61,G004,parameter_out_of_domain,branch_load_scale,near,0.5,0.0945199782290991,0.018183484690321,0.00860338716894622,0.80762284300304,1,1,1,0.0078585678945986,0.104321567520397,217.368424468372,5,0,2b57ad667460add303b33479b5da8e8e496a2d188b509d1fcaa9a88f01c73cda
final05_test_out_branch_load_scale_near,final05,A_stage4a1_quick61,G007,parameter_out_of_domain,branch_load_scale,near,0.5,0.0863403287731768,0.00840882933679919,0.00738394396184484,0.90260832385996,1,1,1,3.85372007343676e-05,0.108573576031143,183.167720576532,5,0,2b57ad667460add303b33479b5da8e8e496a2d188b509d1fcaa9a88f01c73cda
final05_test_out_source_impedance_ohm_medium,final05,A_stage4a1_quick61,G001,parameter_out_of_domain,source_impedance_ohm,medium,0.5,0.0334501867005032,0.00454057823248823,0.00109829813961318,0.864258508509784,1,1,1,0,0,Inf,3,0,2b57ad667460add303b33479b5da8e8e496a2d188b509d1fcaa9a88f01c73cda
final05_test_out_receiver_impedance_ohm_far,final05,A_stage4a1_quick61,G002,parameter_out_of_domain,receiver_impedance_ohm,far,0.5,0.101829309795941,0.0222148603105857,0.00987570831489889,0.781842179271522,1,1,0,0.000123503827482996,0.159371985384747,208.10062108617,5,0,2b57ad667460add303b33479b5da8e8e496a2d188b509d1fcaa9a88f01c73cda
final05_test_out_receiver_impedance_ohm_far,final05,A_stage4a1_quick61,G005,parameter_out_of_domain,receiver_impedance_ohm,far,0.5,0.103758939488235,0.0180399169669057,0.0104404789195503,0.826136262988912,1,1,1,0.000126833964633477,0.14980330677275,193.168628273235,5,0,2b57ad667460add303b33479b5da8e8e496a2d188b509d1fcaa9a88f01c73cda
final05_test_out_joint_parameter_set_near,final05,A_stage4a1_quick61,G003,parameter_out_of_domain,joint_parameter_set,near,0.5,0.0669435719391616,0.00541328054999371,0.00445213821766076,0.919136663997666,1,1,1,6.50168257010364e-07,0.127984569145211,211.607568574662,5,0,2b57ad667460add303b33479b5da8e8e496a2d188b509d1fcaa9a88f01c73cda
