split,scenario,measurement_kind,observation_mode,method,feature,snr_db,lambda,trials,strict_accuracy,strict_unique_rate,equivalence_class_rate,ambiguity_rate,false_unique_rate,cfr_nmse,theta_rmse,theta_boundary_rate,edge_precision,edge_recall,edge_f1,mean_margin,view_count,frequency_count
calibration,nominal_noise_20,siso_forward,ordinary_ofdm_cfr,nuisance_aware_joint,amp_phase_joint_weighted,20,0,4,0.75,0.25,1,0.25,0.5,0.00410714927400583,0.0115470053837925,1,0.95,0.95,0.95,2.73470459343553e-05,1,1793
calibration,nominal_noise_20,siso_forward,ordinary_ofdm_cfr,nuisance_aware_joint,amp_phase_joint_weighted,20,0.001,4,1,0.25,1,0.5,0.25,0.00410714927400583,0.0086602540378444,0.5,1,1,1,2.7002258135071e-05,1,1793
calibration,nominal_noise_20,siso_forward,ordinary_ofdm_cfr,nuisance_aware_joint,amp_phase_joint_weighted,20,0.01,4,0.75,0,1,1,0,0.00410714927400583,0,0,0.95,0.95,0.95,0,1,1793
calibration,nominal_noise_20,siso_forward,ordinary_ofdm_cfr,nuisance_aware_joint,amp_phase_joint_weighted,20,0.05,4,0.75,0,1,1,0,0.00410714927400583,0,0,0.95,0.95,0.95,0,1,1793
calibration,nominal_noise_20,dual_receiver_complete,ordinary_ofdm_cfr,nuisance_aware_joint,amp_phase_joint_weighted,20,0,4,1,1,1,0,0,0.00406063462328892,0.0288675134594813,1,1,1,1,0.00131249136969154,2,1793
calibration,nominal_noise_20,dual_receiver_complete,ordinary_ofdm_cfr,nuisance_aware_joint,amp_phase_joint_weighted,20,0.001,4,1,1,1,0,0,0.00406063462328892,0.0288675134594813,1,1,1,1,0.00129985698872597,2,1793
calibration,nominal_noise_20,dual_receiver_complete,ordinary_ofdm_cfr,nuisance_aware_joint,amp_phase_joint_weighted,20,0.01,4,1,0.75,1,0.25,0,0.00406063462328892,0.021650635094611,0.75,1,1,1,0.000928559523130944,2,1793
calibration,nominal_noise_20,dual_receiver_complete,ordinary_ofdm_cfr,nuisance_aware_joint,amp_phase_joint_weighted,20,0.05,4,1,0,1,1,0,0.00406063462328892,0,0,1,1,1,0,2,1793
calibration,nominal_noise_20,dual_receiver_highz_complete,ordinary_ofdm_cfr,nuisance_aware_joint,amp_phase_joint_weighted,20,0,4,1,0.75,1,0.25,0,0.00409041396004734,0.0115470053837925,1,1,1,1,0.00032384535365069,2,1793
calibration,nominal_noise_20,dual_receiver_highz_complete,ordinary_ofdm_cfr,nuisance_aware_joint,amp_phase_joint_weighted,20,0.001,4,1,0.5,1,0.5,0,0.00409041396004734,0.0086602540378444,0.5,1,1,1,0.00031663169643478,2,1793
calibration,nominal_noise_20,dual_receiver_highz_complete,ordinary_ofdm_cfr,nuisance_aware_joint,amp_phase_joint_weighted,20,0.01,4,1,0.25,1,0.75,0,0.00409041396004734,0.00721687836487033,0.25,1,1,1,0.000122468896383306,2,1793
calibration,nominal_noise_20,dual_receiver_highz_complete,ordinary_ofdm_cfr,nuisance_aware_joint,amp_phase_joint_weighted,20,0.05,4,1,0,1,1,0,0.00409041396004734,0,0,1,1,1,0,2,1793
calibration,nominal_noise_20,dual_receiver_counterfactual,ordinary_ofdm_cfr,nuisance_aware_joint,amp_phase_joint_weighted,20,0,4,1,1,1,0,0,0.00411420705245943,0.00577350269189626,1,1,1,1,3.96177738323802e-05,2,1793
calibration,nominal_noise_20,dual_receiver_counterfactual,ordinary_ofdm_cfr,nuisance_aware_joint,amp_phase_joint_weighted,20,0.001,4,1,0.5,1,0.5,0,0.00411420705245943,0.00288675134594813,0.5,1,1,1,3.62044139621013e-05,2,1793
calibration,nominal_noise_20,dual_receiver_counterfactual,ordinary_ofdm_cfr,nuisance_aware_joint,amp_phase_joint_weighted,20,0.01,4,1,0,1,1,0,0.00411420705245943,0,0,1,1,1,0,2,1793
calibration,nominal_noise_20,dual_receiver_counterfactual,ordinary_ofdm_cfr,nuisance_aware_joint,amp_phase_joint_weighted,20,0.05,4,1,0,1,1,0,0.00411420705245943,0,0,1,1,1,0,2,1793
calibration,nominal_noise_20,three_view_complete,ordinary_ofdm_cfr,nuisance_aware_joint,amp_phase_joint_weighted,20,0,4,1,1,1,0,0,0.00414087364290726,0.0288675134594813,1,1,1,1,0.00167845893808143,3,1793
calibration,nominal_noise_20,three_view_complete,ordinary_ofdm_cfr,nuisance_aware_joint,amp_phase_joint_weighted,20,0.001,4,1,1,1,0,0,0.00414087364290726,0.0288675134594813,1,1,1,1,0.00167120266229239,3,1793
calibration,nominal_noise_20,three_view_complete,ordinary_ofdm_cfr,nuisance_aware_joint,amp_phase_joint_weighted,20,0.01,4,1,1,1,0,0,0.00414087364290726,0.0288675134594813,1,1,1,1,0.00107288318890284,3,1793
calibration,nominal_noise_20,three_view_complete,ordinary_ofdm_cfr,nuisance_aware_joint,amp_phase_joint_weighted,20,0.05,4,1,0,1,1,0,0.00414087364290726,0,0,1,1,1,0,3,1793
calibration,load_error_10,siso_forward,ordinary_ofdm_cfr,nuisance_aware_joint,amp_phase_joint_weighted,20,0,4,0.5,0.5,1,0.25,0.25,0.00413516854276456,0.00735980072193988,1,0.9,0.9,0.9,0.00279788615356237,1,1793
calibration,load_error_10,siso_forward,ordinary_ofdm_cfr,nuisance_aware_joint,amp_phase_joint_weighted,20,0.001,4,0.5,0.5,1,0.25,0.25,0.00413516854276456,0.00735980072193988,1,0.9,0.9,0.9,0.00279788615356237,1,1793
calibration,load_error_10,siso_forward,ordinary_ofdm_cfr,nuisance_aware_joint,amp_phase_joint_weighted,20,0.01,4,0.75,0.5,1,0.5,0,0.00413516854276456,0.00721687836487033,0.75,0.95,0.95,0.95,0.0024994432068809,1,1793
calibration,load_error_10,siso_forward,ordinary_ofdm_cfr,nuisance_aware_joint,amp_phase_joint_weighted,20,0.05,4,1,0.5,1,0.5,0,0.00413516854276456,0.0144337567297407,0.5,1,1,1,0.000832776540214234,1,1793
calibration,load_error_10,dual_receiver_complete,ordinary_ofdm_cfr,nuisance_aware_joint,amp_phase_joint_weighted,20,0,4,1,1,1,0,0,0.00414179267192597,0.00735980072193988,1,1,1,1,0.001140640355258,2,1793
calibration,load_error_10,dual_receiver_complete,ordinary_ofdm_cfr,nuisance_aware_joint,amp_phase_joint_weighted,20,0.001,4,1,0.75,1,0.25,0,0.00414179267192597,0.00721687836487033,0.75,1,1,1,0.00112016494090602,2,1793
calibration,load_error_10,dual_receiver_complete,ordinary_ofdm_cfr,nuisance_aware_joint,amp_phase_joint_weighted,20,0.01,4,1,0.25,1,0.75,0,0.00414179267192597,0.021650635094611,0.25,1,1,1,0.000882498915407322,2,1793
calibration,load_error_10,dual_receiver_complete,ordinary_ofdm_cfr,nuisance_aware_joint,amp_phase_joint_weighted,20,0.05,4,1,0.25,1,0.75,0,0.00414179267192597,0.021650635094611,0.25,1,1,1,4.91655820739883e-05,2,1793
calibration,load_error_10,dual_receiver_highz_complete,ordinary_ofdm_cfr,nuisance_aware_joint,amp_phase_joint_weighted,20,0,4,1,0.75,1,0.25,0,0.00409890779758186,0.00735980072193988,1,1,1,1,0.000687944918174898,2,1793
calibration,load_error_10,dual_receiver_highz_complete,ordinary_ofdm_cfr,nuisance_aware_joint,amp_phase_joint_weighted,20,0.001,4,1,0.75,1,0.25,0,0.00409890779758186,0.00735980072193988,1,1,1,1,0.000678049719297895,2,1793
calibration,load_error_10,dual_receiver_highz_complete,ordinary_ofdm_cfr,nuisance_aware_joint,amp_phase_joint_weighted,20,0.01,4,1,0.5,1,0.5,0,0.00409890779758186,0.0144337567297407,0.5,1,1,1,0.000207807959502236,2,1793
calibration,load_error_10,dual_receiver_highz_complete,ordinary_ofdm_cfr,nuisance_aware_joint,amp_phase_joint_weighted,20,0.05,4,1,0,1,1,0,0.00409890779758186,0.0288675134594813,0,1,1,1,0,2,1793
calibration,load_error_10,dual_receiver_counterfactual,ordinary_ofdm_cfr,nuisance_aware_joint,amp_phase_joint_weighted,20,0,4,1,0.75,1,0.25,0,0.00414727679695111,0.0147196014438798,1,1,1,1,0.000432264472996241,2,1793
calibration,load_error_10,dual_receiver_counterfactual,ordinary_ofdm_cfr,nuisance_aware_joint,amp_phase_joint_weighted,20,0.001,4,1,0.75,1,0.25,0,0.00414727679695111,0.0145766790868102,0.75,1,1,1,0.000432264472996241,2,1793
calibration,load_error_10,dual_receiver_counterfactual,ordinary_ofdm_cfr,nuisance_aware_joint,amp_phase_joint_weighted,20,0.01,4,1,0.25,1,0.75,0,0.00414727679695111,0.021650635094611,0.25,1,1,1,6.08386769011386e-05,2,1793
calibration,load_error_10,dual_receiver_counterfactual,ordinary_ofdm_cfr,nuisance_aware_joint,amp_phase_joint_weighted,20,0.05,4,1,0,1,1,0,0.00414727679695111,0.0288675134594813,0,1,1,1,0,2,1793
calibration,load_error_10,three_view_complete,ordinary_ofdm_cfr,nuisance_aware_joint,amp_phase_joint_weighted,20,0,4,1,1,1,0,0,0.00410134374758137,0.0144337567297406,1,1,1,1,0.00118092470894029,3,1793
calibration,load_error_10,three_view_complete,ordinary_ofdm_cfr,nuisance_aware_joint,amp_phase_joint_weighted,20,0.001,4,1,1,1,0,0,0.00410134374758137,0.0144337567297406,1,1,1,1,0.00116274457984694,3,1793
calibration,load_error_10,three_view_complete,ordinary_ofdm_cfr,nuisance_aware_joint,amp_phase_joint_weighted,20,0.01,4,1,0.75,1,0.25,0,0.00410134374758137,0.021650635094611,0.75,1,1,1,0.000538459959558111,3,1793
calibration,load_error_10,three_view_complete,ordinary_ofdm_cfr,nuisance_aware_joint,amp_phase_joint_weighted,20,0.05,4,1,0,1,1,0,0.00410134374758137,0.0288675134594813,0,1,1,1,0,3,1793
calibration,joint_bounded,siso_forward,ordinary_ofdm_cfr,nuisance_aware_joint,amp_phase_joint_weighted,20,0,4,1,0.5,1,0.5,0,0.00414613153043961,0.0219148069753662,0.25,1,1,1,0.000239031479928442,1,1793
calibration,joint_bounded,siso_forward,ordinary_ofdm_cfr,nuisance_aware_joint,amp_phase_joint_weighted,20,0.001,4,1,0.5,1,0.5,0,0.00414613153043961,0.0219148069753662,0.25,1,1,1,0.000239031479928442,1,1793
calibration,joint_bounded,siso_forward,ordinary_ofdm_cfr,nuisance_aware_joint,amp_phase_joint_weighted,20,0.01,4,1,0.5,1,0.5,0,0.00414613153043961,0.0219148069753662,0.25,1,1,1,0.000239031479928442,1,1793
calibration,joint_bounded,siso_forward,ordinary_ofdm_cfr,nuisance_aware_joint,amp_phase_joint_weighted,20,0.05,4,1,0.5,1,0.5,0,0.00414613153043961,0.0218784503508619,0,1,1,1,0.000239031479928441,1,1793
calibration,joint_bounded,dual_receiver_complete,ordinary_ofdm_cfr,nuisance_aware_joint,amp_phase_joint_weighted,20,0,4,1,1,1,0,0,0.00422151363088042,0.029334205040352,0.5,1,1,1,0.0020939063233691,2,1793
calibration,joint_bounded,dual_receiver_complete,ordinary_ofdm_cfr,nuisance_aware_joint,amp_phase_joint_weighted,20,0.001,4,1,1,1,0,0,0.00422151363088042,0.029334205040352,0.5,1,1,1,0.0020939063233691,2,1793
calibration,joint_bounded,dual_receiver_complete,ordinary_ofdm_cfr,nuisance_aware_joint,amp_phase_joint_weighted,20,0.01,4,1,1,1,0,0,0.00422151363088042,0.029334205040352,0.5,1,1,1,0.00192567930167049,2,1793
calibration,joint_bounded,dual_receiver_complete,ordinary_ofdm_cfr,nuisance_aware_joint,amp_phase_joint_weighted,20,0.05,4,1,0.75,1,0.25,0,0.00422151363088042,0.0226886376598865,0.25,1,1,1,0.00163041686955557,2,1793
calibration,joint_bounded,dual_receiver_highz_complete,ordinary_ofdm_cfr,nuisance_aware_joint,amp_phase_joint_weighted,20,0,4,1,1,1,0,0,0.00414118841965425,0.0247565183031253,0.75,1,1,1,0.0123412640581717,2,1793
calibration,joint_bounded,dual_receiver_highz_complete,ordinary_ofdm_cfr,nuisance_aware_joint,amp_phase_joint_weighted,20,0.001,4,1,1,1,0,0,0.00414118841965425,0.0247565183031253,0.75,1,1,1,0.0123412640581717,2,1793
calibration,joint_bounded,dual_receiver_highz_complete,ordinary_ofdm_cfr,nuisance_aware_joint,amp_phase_joint_weighted,20,0.01,4,1,1,1,0,0,0.00414118841965425,0.0247565183031253,0.75,1,1,1,0.0122582204753766,2,1793
calibration,joint_bounded,dual_receiver_highz_complete,ordinary_ofdm_cfr,nuisance_aware_joint,amp_phase_joint_weighted,20,0.05,4,1,1,1,0,0,0.00414118841965425,0.0247565183031253,0.75,1,1,1,0.0114248871420433,2,1793
calibration,joint_bounded,dual_receiver_counterfactual,ordinary_ofdm_cfr,nuisance_aware_joint,amp_phase_joint_weighted,20,0,4,1,1,1,0,0,0.00410223847656745,0.0281870320149305,0.75,1,1,1,0.0099200559699717,2,1793
calibration,joint_bounded,dual_receiver_counterfactual,ordinary_ofdm_cfr,nuisance_aware_joint,amp_phase_joint_weighted,20,0.001,4,1,0.75,1,0.25,0,0.00410223847656745,0.0279722024636852,0.5,1,1,1,0.0099190642689806,2,1793
calibration,joint_bounded,dual_receiver_counterfactual,ordinary_ofdm_cfr,nuisance_aware_joint,amp_phase_joint_weighted,20,0.01,4,1,0.5,1,0.5,0,0.00410223847656745,0.0279142379937417,0.25,1,1,1,0.00983379387702464,2,1793
calibration,joint_bounded,dual_receiver_counterfactual,ordinary_ofdm_cfr,nuisance_aware_joint,amp_phase_joint_weighted,20,0.05,4,1,0.5,1,0.5,0,0.00410223847656745,0.0279142379937417,0.25,1,1,1,0.00983379387702464,2,1793
calibration,joint_bounded,three_view_complete,ordinary_ofdm_cfr,nuisance_aware_joint,amp_phase_joint_weighted,20,0,4,1,1,1,0,0,0.00410212721446968,0.030035008518035,0.5,1,1,1,0.000698135439876802,3,1793
calibration,joint_bounded,three_view_complete,ordinary_ofdm_cfr,nuisance_aware_joint,amp_phase_joint_weighted,20,0.001,4,1,1,1,0,0,0.00410212721446968,0.030035008518035,0.5,1,1,1,0.000698135439876801,3,1793
calibration,joint_bounded,three_view_complete,ordinary_ofdm_cfr,nuisance_aware_joint,amp_phase_joint_weighted,20,0.01,4,1,0.75,1,0.25,0,0.00410212721446968,0.026592611002162,0.25,1,1,1,0.000354790878633762,3,1793
calibration,joint_bounded,three_view_complete,ordinary_ofdm_cfr,nuisance_aware_joint,amp_phase_joint_weighted,20,0.05,4,1,0.5,1,0.5,0,0.00410212721446968,0.0198337401497655,0,1,1,1,0.000176793133932015,3,1793
test,nominal_noise_20,siso_forward,ordinary_ofdm_cfr,nominal_nearest,amp_phase_joint_weighted,20,0,8,0.75,0.5,1,0.5,0,0.0041060583748693,0,0,0.95,0.95,0.95,0.0389476081518901,1,1793
test,nominal_noise_20,siso_forward,ordinary_ofdm_cfr,topology_only,amplitude,20,0,8,0.75,0.5,1,0.5,0,0.0041060583748693,0,0,0.95,0.95,0.95,0.00247367712501358,1,1793
test,nominal_noise_20,siso_forward,ordinary_ofdm_cfr,nuisance_aware_joint,amp_phase_joint_weighted,20,0.05,8,0.75,0,1,1,0,0.0041060583748693,0,0,0.95,0.95,0.95,0,1,1793
test,nominal_noise_20,dual_receiver_complete,ordinary_ofdm_cfr,nominal_nearest,amp_phase_joint_weighted,20,0,8,1,1,1,0,0,0.00412803074542041,0,0,1,1,1,0.0514844368992253,2,1793
test,nominal_noise_20,dual_receiver_complete,ordinary_ofdm_cfr,topology_only,amplitude,20,0,8,1,1,1,0,0,0.00412803074542041,0,0,1,1,1,0.00456174097912891,2,1793
test,nominal_noise_20,dual_receiver_complete,ordinary_ofdm_cfr,nuisance_aware_joint,amp_phase_joint_weighted,20,0.05,8,1,0.125,1,0.875,0,0.00412803074542041,0.00360843918243516,0.125,1,1,1,0.000122163092382392,2,1793
test,nominal_noise_20,dual_receiver_highz_complete,ordinary_ofdm_cfr,nominal_nearest,amp_phase_joint_weighted,20,0,8,1,1,1,0,0,0.00413505508089077,0,0,1,1,1,0.0657297210986431,2,1793
test,nominal_noise_20,dual_receiver_highz_complete,ordinary_ofdm_cfr,topology_only,amplitude,20,0,8,1,1,1,0,0,0.00413505508089077,0,0,1,1,1,0.00533741995448415,2,1793
test,nominal_noise_20,dual_receiver_highz_complete,ordinary_ofdm_cfr,nuisance_aware_joint,amp_phase_joint_weighted,20,0.05,8,1,0,1,1,0,0.00413505508089077,0,0,1,1,1,0,2,1793
test,nominal_noise_20,dual_receiver_counterfactual,ordinary_ofdm_cfr,nominal_nearest,amp_phase_joint_weighted,20,0,8,1,1,1,0,0,0.00410197835762897,0,0,1,1,1,0.0659295874310487,2,1793
test,nominal_noise_20,dual_receiver_counterfactual,ordinary_ofdm_cfr,topology_only,amplitude,20,0,8,1,1,1,0,0,0.00410197835762897,0,0,1,1,1,0.0053363644818212,2,1793
test,nominal_noise_20,dual_receiver_counterfactual,ordinary_ofdm_cfr,nuisance_aware_joint,amp_phase_joint_weighted,20,0.05,8,1,0,1,1,0,0.00410197835762897,0,0,1,1,1,0,2,1793
test,nominal_noise_20,three_view_complete,ordinary_ofdm_cfr,nominal_nearest,amp_phase_joint_weighted,20,0,8,1,1,1,0,0,0.00413841288149791,0,0,1,1,1,0.0713561013713956,3,1793
test,nominal_noise_20,three_view_complete,ordinary_ofdm_cfr,topology_only,amplitude,20,0,8,1,1,1,0,0,0.00413841288149791,0,0,1,1,1,0.00452165022727736,3,1793
test,nominal_noise_20,three_view_complete,ordinary_ofdm_cfr,nuisance_aware_joint,amp_phase_joint_weighted,20,0.05,8,1,0.125,1,0.875,0,0.00413841288149791,0.00360843918243516,0.125,1,1,1,8.5965107357186e-05,3,1793
test,load_error_10,siso_forward,ordinary_ofdm_cfr,nominal_nearest,amp_phase_joint_weighted,20,0,8,0.625,0.5,1,0.5,0,0.00415915393824588,0.0288675134594813,0,0.925,0.925,0.925,0.0377732808101583,1,1793
test,load_error_10,siso_forward,ordinary_ofdm_cfr,topology_only,amplitude,20,0,8,0.875,0.5,1,0.5,0,0.00415915393824588,0.0288675134594813,0,0.975,0.975,0.975,0.00245955949841375,1,1793
test,load_error_10,siso_forward,ordinary_ofdm_cfr,nuisance_aware_joint,amp_phase_joint_weighted,20,0.05,8,0.625,0.125,1,0.875,0,0.00415915393824588,0.0252590742770461,0.125,0.925,0.925,0.925,0.000407931658011121,1,1793
test,load_error_10,dual_receiver_complete,ordinary_ofdm_cfr,nominal_nearest,amp_phase_joint_weighted,20,0,8,1,1,1,0,0,0.00412425511710015,0.0288675134594813,0,1,1,1,0.0526223335746471,2,1793
test,load_error_10,dual_receiver_complete,ordinary_ofdm_cfr,topology_only,amplitude,20,0,8,1,1,1,0,0,0.00412425511710015,0.0288675134594813,0,1,1,1,0.00454740522588173,2,1793
test,load_error_10,dual_receiver_complete,ordinary_ofdm_cfr,nuisance_aware_joint,amp_phase_joint_weighted,20,0.05,8,1,0,1,1,0,0.00412425511710015,0.0288675134594813,0,1,1,1,0,2,1793
test,load_error_10,dual_receiver_highz_complete,ordinary_ofdm_cfr,nominal_nearest,amp_phase_joint_weighted,20,0,8,1,1,1,0,0,0.00408921457535233,0.0288675134594813,0,1,1,1,0.0643614353964276,2,1793
test,load_error_10,dual_receiver_highz_complete,ordinary_ofdm_cfr,topology_only,amplitude,20,0,8,1,1,1,0,0,0.00408921457535233,0.0288675134594813,0,1,1,1,0.00530714178932466,2,1793
test,load_error_10,dual_receiver_highz_complete,ordinary_ofdm_cfr,nuisance_aware_joint,amp_phase_joint_weighted,20,0.05,8,1,0,1,1,0,0.00408921457535233,0.0288675134594813,0,1,1,1,0,2,1793
test,load_error_10,dual_receiver_counterfactual,ordinary_ofdm_cfr,nominal_nearest,amp_phase_joint_weighted,20,0,8,1,1,1,0,0,0.00413515411444621,0.0288675134594813,0,1,1,1,0.0631616819408276,2,1793
test,load_error_10,dual_receiver_counterfactual,ordinary_ofdm_cfr,topology_only,amplitude,20,0,8,1,1,1,0,0,0.00413515411444621,0.0288675134594813,0,1,1,1,0.00530953279616668,2,1793
test,load_error_10,dual_receiver_counterfactual,ordinary_ofdm_cfr,nuisance_aware_joint,amp_phase_joint_weighted,20,0.05,8,1,0.125,1,0.875,0,0.00413515411444621,0.0252590742770461,0.125,1,1,1,0.000257732635825408,2,1793
test,load_error_10,three_view_complete,ordinary_ofdm_cfr,nominal_nearest,amp_phase_joint_weighted,20,0,8,1,1,1,0,0,0.00412889910115821,0.0288675134594813,0,1,1,1,0.0752735139557379,3,1793
test,load_error_10,three_view_complete,ordinary_ofdm_cfr,topology_only,amplitude,20,0,8,1,1,1,0,0,0.00412889910115821,0.0288675134594813,0,1,1,1,0.00451043998371747,3,1793
test,load_error_10,three_view_complete,ordinary_ofdm_cfr,nuisance_aware_joint,amp_phase_joint_weighted,20,0.05,8,1,0.125,1,0.875,0,0.00412889910115821,0.0252590742770461,0.125,1,1,1,8.84053578305601e-05,3,1793
test,joint_bounded,siso_forward,ordinary_ofdm_cfr,nominal_nearest,amp_phase_joint_weighted,20,0,8,0.625,0.5,1,0.5,0,0.00406860791992643,0.0235860335890728,0,0.925,0.925,0.925,0.0241216193667033,1,1793
test,joint_bounded,siso_forward,ordinary_ofdm_cfr,topology_only,amplitude,20,0,8,0.625,0.5,1,0.5,0,0.00406860791992643,0.0235860335890728,0,0.925,0.925,0.925,0.0018486122851653,1,1793
test,joint_bounded,siso_forward,ordinary_ofdm_cfr,nuisance_aware_joint,amp_phase_joint_weighted,20,0.05,8,0.625,0.5,1,0.5,0,0.00406860791992643,0.0238898036276371,0.125,0.925,0.925,0.925,0.000342306195259459,1,1793
test,joint_bounded,dual_receiver_complete,ordinary_ofdm_cfr,nominal_nearest,amp_phase_joint_weighted,20,0,8,1,1,1,0,0,0.00413923025580024,0.0240202513434206,0,1,1,1,0.0232206562161419,2,1793
test,joint_bounded,dual_receiver_complete,ordinary_ofdm_cfr,topology_only,amplitude,20,0,8,1,1,1,0,0,0.00413923025580024,0.0240202513434206,0,1,1,1,0.00337533342741429,2,1793
test,joint_bounded,dual_receiver_complete,ordinary_ofdm_cfr,nuisance_aware_joint,amp_phase_joint_weighted,20,0.05,8,1,0.875,1,0.125,0,0.00413923025580024,0.0245189869209418,0.25,1,1,1,0.00471763073121525,2,1793
test,joint_bounded,dual_receiver_highz_complete,ordinary_ofdm_cfr,nominal_nearest,amp_phase_joint_weighted,20,0,8,0.875,0.875,0.875,0,0,0.00412408250255541,0.0248929792608916,0,0.975,0.975,0.975,0.039701493182462,2,1793
test,joint_bounded,dual_receiver_highz_complete,ordinary_ofdm_cfr,topology_only,amplitude,20,0,8,1,1,1,0,0,0.00412408250255541,0.0248929792608916,0,1,1,1,0.0041450753511417,2,1793
test,joint_bounded,dual_receiver_highz_complete,ordinary_ofdm_cfr,nuisance_aware_joint,amp_phase_joint_weighted,20,0.05,8,1,0.875,1,0.125,0,0.00412408250255541,0.0230121620404006,0.625,1,1,1,0.0117819299301591,2,1793
test,joint_bounded,dual_receiver_counterfactual,ordinary_ofdm_cfr,nominal_nearest,amp_phase_joint_weighted,20,0,8,1,1,1,0,0,0.00411739019749707,0.0214698604825996,0,1,1,1,0.0412369018520328,2,1793
test,joint_bounded,dual_receiver_counterfactual,ordinary_ofdm_cfr,topology_only,amplitude,20,0,8,1,1,1,0,0,0.00411739019749707,0.0214698604825996,0,1,1,1,0.0041674452973885,2,1793
test,joint_bounded,dual_receiver_counterfactual,ordinary_ofdm_cfr,nuisance_aware_joint,amp_phase_joint_weighted,20,0.05,8,1,0.875,1,0.125,0,0.00411739019749707,0.0217565622109148,0.5,1,1,1,0.0117445067230784,2,1793
test,joint_bounded,three_view_complete,ordinary_ofdm_cfr,nominal_nearest,amp_phase_joint_weighted,20,0,8,0.875,0.875,0.875,0,0,0.00413227013883814,0.023738026455303,0,0.975,0.975,0.975,0.0386225021125877,3,1793
test,joint_bounded,three_view_complete,ordinary_ofdm_cfr,topology_only,amplitude,20,0,8,1,1,1,0,0,0.00413227013883814,0.023738026455303,0,1,1,1,0.00311903808416892,3,1793
test,joint_bounded,three_view_complete,ordinary_ofdm_cfr,nuisance_aware_joint,amp_phase_joint_weighted,20,0.05,8,1,0.75,1,0.25,0,0.00413227013883814,0.0242780985802204,0.25,1,1,1,0.0119942642202269,3,1793
