mode,scenario,input_mode,measurement_kind,observation_mode,feature,noise_kind,snr_db,pilot_spacing,trials,strict_accuracy,strict_unique_rate,equivalence_class_rate,ambiguity_rate,false_unique_rate,physically_ambiguous_class_rate,cfr_nmse,amplitude_rmse_db,weighted_phase_rmse_deg,circular_delay_error_s,mean_margin,view_count,frequency_count,edge_precision,edge_recall,edge_f1,runtime_s
formal,ideal_true_cfr,ideal_true_cfr,siso_forward,ordinary_ofdm_cfr,amplitude,none,Inf,1,8,1,0.5,1,0.5,0,0.5,0,0,0,0,0.00298240493292674,1,1793,1,1,1,0.279287875
formal,ideal_true_cfr,ideal_true_cfr,siso_forward,ordinary_ofdm_cfr,amp_phase_joint_weighted,none,Inf,1,8,1,0.5,1,0.5,0,0.5,0,0,0,0,0.0460113880016019,1,1793,1,1,1,0.28765925
formal,ideal_true_cfr,ideal_true_cfr,siso_forward,ordinary_ofdm_cfr,cir,none,Inf,1,8,1,0.5,1,0.5,0,0.5,0,0,0,0,0.00309070820407334,1,1793,1,1,1,0.29607575
formal,ideal_true_cfr,ideal_true_cfr,siso_forward,ordinary_ofdm_cfr,toa,none,Inf,1,8,0.25,0,0.25,1,0,0,0,0,0,0,0,1,1793,0.85,0.80952380952381,0.829268292682927,0.302009875
formal,ideal_true_cfr,ideal_true_cfr,bidirectional_endpoint_fixed,ordinary_ofdm_cfr,amplitude,none,Inf,1,8,1,0.5,1,0.5,0,0.5,0,0,0,0,0.00298240493292674,2,1793,1,1,1,0.618966875
formal,ideal_true_cfr,ideal_true_cfr,bidirectional_endpoint_fixed,ordinary_ofdm_cfr,amp_phase_joint_weighted,none,Inf,1,8,1,0.5,1,0.5,0,0.5,0,0,0,0,0.046011388001602,2,1793,1,1,1,0.626073
formal,ideal_true_cfr,ideal_true_cfr,bidirectional_endpoint_fixed,ordinary_ofdm_cfr,cir,none,Inf,1,8,1,0.5,1,0.5,0,0.5,0,0,0,0,0.00309070820407334,2,1793,1,1,1,0.636398875
formal,ideal_true_cfr,ideal_true_cfr,bidirectional_endpoint_fixed,ordinary_ofdm_cfr,toa,none,Inf,1,8,0.25,0,0.25,1,0,0,0,0,0,0,0,2,1793,0.85,0.80952380952381,0.829268292682927,0.639376625
formal,ideal_true_cfr,ideal_true_cfr,dual_receiver_complete,ordinary_ofdm_cfr,amplitude,none,Inf,1,8,1,1,1,0,0,0,0,0,0,0,0.00553833940328507,2,1793,1,1,1,0.9371045
formal,ideal_true_cfr,ideal_true_cfr,dual_receiver_complete,ordinary_ofdm_cfr,amp_phase_joint_weighted,none,Inf,1,8,1,1,1,0,0,0,0,0,0,0,0.0710284206043076,2,1793,1,1,1,0.945176375
formal,ideal_true_cfr,ideal_true_cfr,dual_receiver_complete,ordinary_ofdm_cfr,cir,none,Inf,1,8,1,1,1,0,0,0,0,0,0,0,0.00531258675688293,2,1793,1,1,1,0.95670975
formal,ideal_true_cfr,ideal_true_cfr,dual_receiver_complete,ordinary_ofdm_cfr,toa,none,Inf,1,8,0.5,0.25,0.5,0.75,0,0,0,0,0,0,1.93349510480697e-08,2,1793,0.904761904761905,0.904761904761905,0.904761904761905,0.95955425
formal,ideal_true_cfr,ideal_true_cfr,three_view_complete,ordinary_ofdm_cfr,amplitude,none,Inf,1,8,1,1,1,0,0,0,0,0,0,0,0.00550167105755834,3,1793,1,1,1,1.269085625
formal,ideal_true_cfr,ideal_true_cfr,three_view_complete,ordinary_ofdm_cfr,amp_phase_joint_weighted,none,Inf,1,8,1,1,1,0,0,0,0,0,0,0,0.0950134069906409,3,1793,1,1,1,1.278393125
formal,ideal_true_cfr,ideal_true_cfr,three_view_complete,ordinary_ofdm_cfr,cir,none,Inf,1,8,1,1,1,0,0,0,0,0,0,0,0.00552403408085727,3,1793,1,1,1,1.2917125
formal,ideal_true_cfr,ideal_true_cfr,three_view_complete,ordinary_ofdm_cfr,toa,none,Inf,1,8,0.5,0.25,0.5,0.75,0,0,0,0,0,0,1.57869214231538e-08,3,1793,0.904761904761905,0.904761904761905,0.904761904761905,1.294481625
formal,white_dense_20,ofdm_dense_ls,siso_forward,ordinary_ofdm_cfr,amplitude,white_awgn,20,1,8,0.75,0.5,1,0.5,0,0.5,0.00417873565577502,0.737004918778129,3.878212198337,0,0.00246795645472253,1,1793,0.952380952380952,0.952380952380952,0.952380952380952,1.5801375
formal,white_dense_20,ofdm_dense_ls,siso_forward,ordinary_ofdm_cfr,amp_phase_joint_weighted,white_awgn,20,1,8,0.875,0.5,1,0.5,0,0.5,0.00417873565577502,0.737004918778129,3.878212198337,0,0.0387384660137031,1,1793,0.976190476190476,0.976190476190476,0.976190476190476,1.584403125
formal,white_dense_20,ofdm_dense_ls,siso_forward,ordinary_ofdm_cfr,cir,white_awgn,20,1,8,0.875,0.5,1,0.5,0,0.5,0.00417873565577502,0.737004918778129,3.878212198337,0,0.00262362986474105,1,1793,0.976190476190476,0.976190476190476,0.976190476190476,1.59025775
formal,white_dense_20,ofdm_dense_ls,siso_forward,ordinary_ofdm_cfr,toa,white_awgn,20,1,8,0.25,0,0.25,1,0,0,0.00417873565577502,0.737004918778129,3.878212198337,0,0,1,1793,0.85,0.80952380952381,0.829268292682927,1.591743375
formal,white_dense_20,ofdm_dense_ls,bidirectional_endpoint_fixed,ordinary_ofdm_cfr,amplitude,white_awgn,20,1,8,0.75,0.5,1,0.5,0,0.5,0.00414442509290465,0.742186089286948,4.03785969979073,0,0.00248455293808567,2,1793,0.952380952380952,0.952380952380952,0.952380952380952,1.878282375
formal,white_dense_20,ofdm_dense_ls,bidirectional_endpoint_fixed,ordinary_ofdm_cfr,amp_phase_joint_weighted,white_awgn,20,1,8,0.625,0.5,1,0.5,0,0.5,0.00414442509290465,0.742186089286948,4.03785969979073,0,0.0387880349418989,2,1793,0.928571428571429,0.928571428571429,0.928571428571429,1.88574175
formal,white_dense_20,ofdm_dense_ls,bidirectional_endpoint_fixed,ordinary_ofdm_cfr,cir,white_awgn,20,1,8,0.5,0.5,1,0.5,0,0.5,0.00414442509290465,0.742186089286948,4.03785969979073,0,0.00263062486779771,2,1793,0.904761904761905,0.904761904761905,0.904761904761905,1.89671
formal,white_dense_20,ofdm_dense_ls,bidirectional_endpoint_fixed,ordinary_ofdm_cfr,toa,white_awgn,20,1,8,0.25,0,0.25,1,0,0,0.00414442509290465,0.742186089286948,4.03785969979073,0,0,2,1793,0.85,0.80952380952381,0.829268292682927,1.899351125
formal,white_dense_20,ofdm_dense_ls,dual_receiver_complete,ordinary_ofdm_cfr,amplitude,white_awgn,20,1,8,1,1,1,0,0,0,0.00416096852573522,0.853869012236041,6.13190133581044,0,0.00456291909004674,2,1793,1,1,1,2.209908875
formal,white_dense_20,ofdm_dense_ls,dual_receiver_complete,ordinary_ofdm_cfr,amp_phase_joint_weighted,white_awgn,20,1,8,1,1,1,0,0,0,0.00416096852573522,0.853869012236041,6.13190133581044,0,0.0526117353494575,2,1793,1,1,1,2.2167875
formal,white_dense_20,ofdm_dense_ls,dual_receiver_complete,ordinary_ofdm_cfr,cir,white_awgn,20,1,8,1,1,1,0,0,0,0.00416096852573522,0.853869012236041,6.13190133581044,0,0.00439843921515478,2,1793,1,1,1,2.226764125
formal,white_dense_20,ofdm_dense_ls,dual_receiver_complete,ordinary_ofdm_cfr,toa,white_awgn,20,1,8,0.5,0.25,0.5,0.75,0,0,0.00416096852573522,0.853869012236041,6.13190133581044,0,1.93349510480697e-08,2,1793,0.904761904761905,0.904761904761905,0.904761904761905,2.22894125
formal,white_dense_20,ofdm_dense_ls,three_view_complete,ordinary_ofdm_cfr,amplitude,white_awgn,20,1,8,1,1,1,0,0,0,0.00408686017226195,0.803098638097098,4.85460300211822,0,0.00452580628010232,3,1793,1,1,1,2.582240125
formal,white_dense_20,ofdm_dense_ls,three_view_complete,ordinary_ofdm_cfr,amp_phase_joint_weighted,white_awgn,20,1,8,1,1,1,0,0,0,0.00408686017226195,0.803098638097098,4.85460300211822,0,0.0770263813081525,3,1793,1,1,1,2.59138775
formal,white_dense_20,ofdm_dense_ls,three_view_complete,ordinary_ofdm_cfr,cir,white_awgn,20,1,8,1,1,1,0,0,0,0.00408686017226195,0.803098638097098,4.85460300211822,0,0.00460500103699867,3,1793,1,1,1,2.604816375
formal,white_dense_20,ofdm_dense_ls,three_view_complete,ordinary_ofdm_cfr,toa,white_awgn,20,1,8,0.5,0.25,0.5,0.75,0,0,0.00408686017226195,0.803098638097098,4.85460300211822,0,1.57869214231538e-08,3,1793,0.904761904761905,0.904761904761905,0.904761904761905,2.607645
formal,white_sparse_20,ofdm_sparse_interp,siso_forward,ordinary_ofdm_cfr,amplitude,white_awgn,20,4,8,0.875,0.5,1,0.5,0,0.5,0.000919696225871742,0.348285971872826,1.76294535067186,0,0.00272985209947521,1,1793,0.976190476190476,0.976190476190476,0.976190476190476,2.883276625
formal,white_sparse_20,ofdm_sparse_interp,siso_forward,ordinary_ofdm_cfr,amp_phase_joint_weighted,white_awgn,20,4,8,0.75,0.5,1,0.5,0,0.5,0.000919696225871742,0.348285971872826,1.76294535067186,0,0.0425394901842857,1,1793,0.952380952380952,0.952380952380952,0.952380952380952,2.88688875
formal,white_sparse_20,ofdm_sparse_interp,siso_forward,ordinary_ofdm_cfr,cir,white_awgn,20,4,8,0.875,0.5,1,0.5,0,0.5,0.000919696225871742,0.348285971872826,1.76294535067186,0,0.00286356610890101,1,1793,0.976190476190476,0.976190476190476,0.976190476190476,2.891947875
formal,white_sparse_20,ofdm_sparse_interp,siso_forward,ordinary_ofdm_cfr,toa,white_awgn,20,4,8,0.25,0,0.25,1,0,0,0.000919696225871742,0.348285971872826,1.76294535067186,0,0,1,1793,0.85,0.80952380952381,0.829268292682927,2.893337875
formal,white_sparse_20,ofdm_sparse_interp,bidirectional_endpoint_fixed,ordinary_ofdm_cfr,amplitude,white_awgn,20,4,8,0.75,0.5,1,0.5,0,0.5,0.000916099819362568,0.343373138799812,1.96432636203988,0,0.00272601931841904,2,1793,0.952380952380952,0.952380952380952,0.952380952380952,3.124401625
formal,white_sparse_20,ofdm_sparse_interp,bidirectional_endpoint_fixed,ordinary_ofdm_cfr,amp_phase_joint_weighted,white_awgn,20,4,8,0.5,0.5,1,0.5,0,0.5,0.000916099819362568,0.343373138799812,1.96432636203988,0,0.0424182491230235,2,1793,0.904761904761905,0.904761904761905,0.904761904761905,3.130813625
formal,white_sparse_20,ofdm_sparse_interp,bidirectional_endpoint_fixed,ordinary_ofdm_cfr,cir,white_awgn,20,4,8,0.75,0.5,1,0.5,0,0.5,0.000916099819362568,0.343373138799812,1.96432636203988,0,0.00285349090699145,2,1793,0.952380952380952,0.952380952380952,0.952380952380952,3.1400475
formal,white_sparse_20,ofdm_sparse_interp,bidirectional_endpoint_fixed,ordinary_ofdm_cfr,toa,white_awgn,20,4,8,0.25,0,0.25,1,0,0,0.000916099819362568,0.343373138799812,1.96432636203988,0,0,2,1793,0.85,0.80952380952381,0.829268292682927,3.1421115
formal,white_sparse_20,ofdm_sparse_interp,dual_receiver_complete,ordinary_ofdm_cfr,amplitude,white_awgn,20,4,8,1,1,1,0,0,0,0.000916700073501703,0.424423399598102,2.43362952251535,0,0.00505514395980391,2,1793,1,1,1,3.424388125
formal,white_sparse_20,ofdm_sparse_interp,dual_receiver_complete,ordinary_ofdm_cfr,amp_phase_joint_weighted,white_awgn,20,4,8,1,1,1,0,0,0,0.000916700073501703,0.424423399598102,2.43362952251535,0,0.0615920821396726,2,1793,1,1,1,3.43086825
formal,white_sparse_20,ofdm_sparse_interp,dual_receiver_complete,ordinary_ofdm_cfr,cir,white_awgn,20,4,8,1,1,1,0,0,0,0.000916700073501703,0.424423399598102,2.43362952251535,0,0.00485768889249703,2,1793,1,1,1,3.440327625
formal,white_sparse_20,ofdm_sparse_interp,dual_receiver_complete,ordinary_ofdm_cfr,toa,white_awgn,20,4,8,0.5,0.25,0.5,0.75,0,0,0.000916700073501703,0.424423399598102,2.43362952251535,0,1.93349510480697e-08,2,1793,0.904761904761905,0.904761904761905,0.904761904761905,3.442364625
formal,white_sparse_20,ofdm_sparse_interp,three_view_complete,ordinary_ofdm_cfr,amplitude,white_awgn,20,4,8,1,1,1,0,0,0,0.000919236673729518,0.39771979826564,3.13471731838836,0,0.00502242287167213,3,1793,1,1,1,3.7732265
formal,white_sparse_20,ofdm_sparse_interp,three_view_complete,ordinary_ofdm_cfr,amp_phase_joint_weighted,white_awgn,20,4,8,1,1,1,0,0,0,0.000919236673729518,0.39771979826564,3.13471731838836,0,0.0817507853003363,3,1793,1,1,1,3.782330875
formal,white_sparse_20,ofdm_sparse_interp,three_view_complete,ordinary_ofdm_cfr,cir,white_awgn,20,4,8,1,1,1,0,0,0,0.000919236673729518,0.39771979826564,3.13471731838836,0,0.00506953164520548,3,1793,1,1,1,3.795635
formal,white_sparse_20,ofdm_sparse_interp,three_view_complete,ordinary_ofdm_cfr,toa,white_awgn,20,4,8,0.5,0.25,0.5,0.75,0,0,0.000919236673729518,0.39771979826564,3.13471731838836,0,1.57869214231538e-08,3,1793,0.904761904761905,0.904761904761905,0.904761904761905,3.798406
formal,colored_dense_20,ofdm_dense_ls,siso_forward,ordinary_ofdm_cfr,amplitude,colored_gaussian,20,1,8,1,0.5,1,0.5,0,0.5,0.00525640032370649,0.825612325819859,4.14210686797446,0,0.00241809237410352,1,1793,1,1,1,4.0775415
formal,colored_dense_20,ofdm_dense_ls,siso_forward,ordinary_ofdm_cfr,amp_phase_joint_weighted,colored_gaussian,20,1,8,0.75,0.5,1,0.5,0,0.5,0.00525640032370649,0.825612325819859,4.14210686797446,0,0.0379592288988402,1,1793,0.952380952380952,0.952380952380952,0.952380952380952,4.081414375
formal,colored_dense_20,ofdm_dense_ls,siso_forward,ordinary_ofdm_cfr,cir,colored_gaussian,20,1,8,0.875,0.5,1,0.5,0,0.5,0.00525640032370649,0.825612325819859,4.14210686797446,0,0.00257230725013104,1,1793,0.976190476190476,0.976190476190476,0.976190476190476,4.086886875
formal,colored_dense_20,ofdm_dense_ls,siso_forward,ordinary_ofdm_cfr,toa,colored_gaussian,20,1,8,0.25,0,0.25,1,0,0,0.00525640032370649,0.825612325819859,4.14210686797446,0,0,1,1793,0.85,0.80952380952381,0.829268292682927,4.088338
formal,colored_dense_20,ofdm_dense_ls,three_view_complete,ordinary_ofdm_cfr,amplitude,colored_gaussian,20,1,8,1,1,1,0,0,0,0.00526142739395117,0.900169842519291,6.03389800245039,0,0.00441085022723283,3,1793,1,1,1,4.383841875
formal,colored_dense_20,ofdm_dense_ls,three_view_complete,ordinary_ofdm_cfr,amp_phase_joint_weighted,colored_gaussian,20,1,8,1,1,1,0,0,0,0.00526142739395117,0.900169842519291,6.03389800245039,0,0.0752254258528028,3,1793,1,1,1,4.393126
formal,colored_dense_20,ofdm_dense_ls,three_view_complete,ordinary_ofdm_cfr,cir,colored_gaussian,20,1,8,1,1,1,0,0,0,0.00526142739395117,0.900169842519291,6.03389800245039,0,0.00449475738298688,3,1793,1,1,1,4.40669475
formal,colored_dense_20,ofdm_dense_ls,three_view_complete,ordinary_ofdm_cfr,toa,colored_gaussian,20,1,8,0.5,0.25,0.5,0.75,0,0,0.00526142739395117,0.900169842519291,6.03389800245039,0,1.57869214231538e-08,3,1793,0.904761904761905,0.904761904761905,0.904761904761905,4.409437
formal,impulsive_dense_20,ofdm_dense_ls,siso_forward,ordinary_ofdm_cfr,amplitude,impulsive,20,1,8,0.625,0.5,1,0.5,0,0.5,0.00184448702024176,0.468059543436435,2.38584762879365,0,0.00264194722565565,1,1793,0.928571428571429,0.928571428571429,0.928571428571429,4.690556125
formal,impulsive_dense_20,ofdm_dense_ls,siso_forward,ordinary_ofdm_cfr,amp_phase_joint_weighted,impulsive,20,1,8,0.75,0.5,1,0.5,0,0.5,0.00184448702024176,0.468059543436435,2.38584762879365,0,0.0410723266576226,1,1793,0.952380952380952,0.952380952380952,0.952380952380952,4.694227875
formal,impulsive_dense_20,ofdm_dense_ls,siso_forward,ordinary_ofdm_cfr,cir,impulsive,20,1,8,0.75,0.5,1,0.5,0,0.5,0.00184448702024176,0.468059543436435,2.38584762879365,0,0.00277292393444785,1,1793,0.952380952380952,0.952380952380952,0.952380952380952,4.699465
formal,impulsive_dense_20,ofdm_dense_ls,siso_forward,ordinary_ofdm_cfr,toa,impulsive,20,1,8,0.25,0,0.25,1,0,0,0.00184448702024176,0.468059543436435,2.38584762879365,0,0,1,1793,0.85,0.80952380952381,0.829268292682927,4.70089025
formal,impulsive_dense_20,ofdm_dense_ls,three_view_complete,ordinary_ofdm_cfr,amplitude,impulsive,20,1,8,1,1,1,0,0,0,0.00181962888537586,0.553780436611052,4.090758998234,0,0.00483564589402013,3,1793,1,1,1,4.994040625
formal,impulsive_dense_20,ofdm_dense_ls,three_view_complete,ordinary_ofdm_cfr,amp_phase_joint_weighted,impulsive,20,1,8,1,1,1,0,0,0,0.00181962888537586,0.553780436611052,4.090758998234,0,0.0809237271652182,3,1793,1,1,1,5.00372725
formal,impulsive_dense_20,ofdm_dense_ls,three_view_complete,ordinary_ofdm_cfr,cir,impulsive,20,1,8,1,1,1,0,0,0,0.00181962888537586,0.553780436611052,4.090758998234,0,0.00489629512039378,3,1793,1,1,1,5.018178125
formal,impulsive_dense_20,ofdm_dense_ls,three_view_complete,ordinary_ofdm_cfr,toa,impulsive,20,1,8,0.5,0.25,0.5,0.75,0,0,0.00181962888537586,0.553780436611052,4.090758998234,0,1.57869214231538e-08,3,1793,0.904761904761905,0.904761904761905,0.904761904761905,5.02105025
formal,load_change_20,ofdm_dense_ls,siso_forward,ordinary_ofdm_cfr,amplitude,white_awgn,20,1,8,0.875,0.5,1,0.5,0,0.5,0.00412441511987005,0.750992196809207,3.83142509661703,0,0.00241138741186696,1,1793,0.976190476190476,0.976190476190476,0.976190476190476,5.3110625
formal,load_change_20,ofdm_dense_ls,siso_forward,ordinary_ofdm_cfr,amp_phase_joint_weighted,white_awgn,20,1,8,0.875,0.5,1,0.5,0,0.5,0.00412441511987005,0.750992196809207,3.83142509661703,0,0.0356039058759272,1,1793,0.976190476190476,0.976190476190476,0.976190476190476,5.31479275
formal,load_change_20,ofdm_dense_ls,siso_forward,ordinary_ofdm_cfr,cir,white_awgn,20,1,8,0.875,0.5,1,0.5,0,0.5,0.00412441511987005,0.750992196809207,3.83142509661703,0,0.00255054671182979,1,1793,0.976190476190476,0.976190476190476,0.976190476190476,5.320133625
formal,load_change_20,ofdm_dense_ls,siso_forward,ordinary_ofdm_cfr,toa,white_awgn,20,1,8,0.25,0,0.25,1,0,0,0.00412441511987005,0.750992196809207,3.83142509661703,0,0,1,1793,0.85,0.80952380952381,0.829268292682927,5.3215045
formal,load_change_20,ofdm_dense_ls,three_view_complete,ordinary_ofdm_cfr,amplitude,white_awgn,20,1,8,1,1,1,0,0,0,0.00410837682225707,0.807406965572654,6.08122794430533,0,0.00442086271474428,3,1793,1,1,1,5.608380625
formal,load_change_20,ofdm_dense_ls,three_view_complete,ordinary_ofdm_cfr,amp_phase_joint_weighted,white_awgn,20,1,8,1,1,1,0,0,0,0.00410837682225707,0.807406965572654,6.08122794430533,0,0.0689944621265019,3,1793,1,1,1,5.61748825
formal,load_change_20,ofdm_dense_ls,three_view_complete,ordinary_ofdm_cfr,cir,white_awgn,20,1,8,1,1,1,0,0,0,0.00410837682225707,0.807406965572654,6.08122794430533,0,0.00449720174565642,3,1793,1,1,1,5.630772875
formal,load_change_20,ofdm_dense_ls,three_view_complete,ordinary_ofdm_cfr,toa,white_awgn,20,1,8,0.5,0.25,0.5,0.75,0,0,0.00410837682225707,0.807406965572654,6.08122794430533,0,1.57869214231538e-08,3,1793,0.904761904761905,0.904761904761905,0.904761904761905,5.633510375
formal,load_time_varying_20,ofdm_dense_ls,siso_forward,ordinary_ofdm_cfr,amplitude,white_awgn,20,1,8,0.5,0.5,1,0.5,0,0.5,0.00411414633131129,0.753582687912813,3.65394853796137,-1.3671875e-08,0.00240865098861422,1,1793,0.904761904761905,0.904761904761905,0.904761904761905,5.936885125
formal,load_time_varying_20,ofdm_dense_ls,siso_forward,ordinary_ofdm_cfr,amp_phase_joint_weighted,white_awgn,20,1,8,0.75,0.5,1,0.5,0,0.5,0.00411414633131129,0.753582687912813,3.65394853796137,-1.3671875e-08,0.0358498052094737,1,1793,0.952380952380952,0.952380952380952,0.952380952380952,5.94060925
formal,load_time_varying_20,ofdm_dense_ls,siso_forward,ordinary_ofdm_cfr,cir,white_awgn,20,1,8,0.625,0.5,1,0.5,0,0.5,0.00411414633131129,0.753582687912813,3.65394853796137,-1.3671875e-08,0.00254208933412128,1,1793,0.928571428571429,0.928571428571429,0.928571428571429,5.945736625
formal,load_time_varying_20,ofdm_dense_ls,siso_forward,ordinary_ofdm_cfr,toa,white_awgn,20,1,8,0.25,0,0.25,1,0,0,0.00411414633131129,0.753582687912813,3.65394853796137,-1.3671875e-08,0,1,1793,0.85,0.80952380952381,0.829268292682927,5.94718375
formal,load_time_varying_20,ofdm_dense_ls,three_view_complete,ordinary_ofdm_cfr,amplitude,white_awgn,20,1,8,1,1,1,0,0,0,0.0041193775327119,0.822526947497771,5.06085373757266,0,0.0044218557317435,3,1793,1,1,1,6.30394325
formal,load_time_varying_20,ofdm_dense_ls,three_view_complete,ordinary_ofdm_cfr,amp_phase_joint_weighted,white_awgn,20,1,8,1,1,1,0,0,0,0.0041193775327119,0.822526947497771,5.06085373757266,0,0.073066896275084,3,1793,1,1,1,6.313332125
formal,load_time_varying_20,ofdm_dense_ls,three_view_complete,ordinary_ofdm_cfr,cir,white_awgn,20,1,8,1,1,1,0,0,0,0.0041193775327119,0.822526947497771,5.06085373757266,0,0.00450257289352164,3,1793,1,1,1,6.326971125
formal,load_time_varying_20,ofdm_dense_ls,three_view_complete,ordinary_ofdm_cfr,toa,white_awgn,20,1,8,0.5,0.25,0.5,0.75,0,0,0.0041193775327119,0.822526947497771,5.06085373757266,0,1.57869214231538e-08,3,1793,0.904761904761905,0.904761904761905,0.904761904761905,6.3298015
formal,length_error_20,ofdm_dense_ls,siso_forward,ordinary_ofdm_cfr,amplitude,white_awgn,20,1,8,0.75,0.5,1,0.5,0,0.5,0.00408903622697805,0.747593241369902,4.28920836726607,0,0.00132334721751394,1,1793,0.952380952380952,0.952380952380952,0.952380952380952,6.636832375
formal,length_error_20,ofdm_dense_ls,siso_forward,ordinary_ofdm_cfr,amp_phase_joint_weighted,white_awgn,20,1,8,0.5,0.375,0.75,0.5,0.125,0.5,0.00408903622697805,0.747593241369902,4.28920836726607,0,0.00690349324074008,1,1793,0.928571428571429,0.928571428571429,0.928571428571429,6.640745875
formal,length_error_20,ofdm_dense_ls,siso_forward,ordinary_ofdm_cfr,cir,white_awgn,20,1,8,1,0.5,1,0.5,0,0.5,0.00408903622697805,0.747593241369902,4.28920836726607,0,0.000423399287387019,1,1793,1,1,1,6.645927625
formal,length_error_20,ofdm_dense_ls,siso_forward,ordinary_ofdm_cfr,toa,white_awgn,20,1,8,0.25,0,0.25,1,0,0,0.00408903622697805,0.747593241369902,4.28920836726607,0,0,1,1793,0.85,0.80952380952381,0.829268292682927,6.647320875
formal,length_error_20,ofdm_dense_ls,three_view_complete,ordinary_ofdm_cfr,amplitude,white_awgn,20,1,8,1,1,1,0,0,0,0.00411660935706783,0.799729635371162,5.08083682572266,0,0.00240906349204014,3,1793,1,1,1,6.938307875
formal,length_error_20,ofdm_dense_ls,three_view_complete,ordinary_ofdm_cfr,amp_phase_joint_weighted,white_awgn,20,1,8,0.75,0.75,0.75,0,0,0,0.00411660935706783,0.799729635371162,5.08083682572266,0,0.0166857736987888,3,1793,0.952380952380952,0.952380952380952,0.952380952380952,6.947369625
formal,length_error_20,ofdm_dense_ls,three_view_complete,ordinary_ofdm_cfr,cir,white_awgn,20,1,8,1,1,1,0,0,0,0.00411660935706783,0.799729635371162,5.08083682572266,0,0.000969562218310792,3,1793,1,1,1,6.960717375
formal,length_error_20,ofdm_dense_ls,three_view_complete,ordinary_ofdm_cfr,toa,white_awgn,20,1,8,0.5,0.25,0.5,0.75,0,0,0.00411660935706783,0.799729635371162,5.08083682572266,0,1.69145586676648e-08,3,1793,0.904761904761905,0.904761904761905,0.904761904761905,6.9634325
formal,rlgc_error_20,ofdm_dense_ls,siso_forward,ordinary_ofdm_cfr,amplitude,white_awgn,20,1,8,0.75,0.5,1,0.5,0,0.5,0.00417978518472113,0.724466820185996,3.830567743827,0,0.00132185196182947,1,1793,0.952380952380952,0.952380952380952,0.952380952380952,7.3040135
formal,rlgc_error_20,ofdm_dense_ls,siso_forward,ordinary_ofdm_cfr,amp_phase_joint_weighted,white_awgn,20,1,8,0.625,0.5,0.875,0.375,0.125,0.375,0.00417978518472113,0.724466820185996,3.830567743827,0,0.00971988116774787,1,1793,0.930232558139535,0.952380952380952,0.941176470588235,7.308613375
formal,rlgc_error_20,ofdm_dense_ls,siso_forward,ordinary_ofdm_cfr,cir,white_awgn,20,1,8,0.75,0.5,1,0.5,0,0.5,0.00417978518472113,0.724466820185996,3.830567743827,0,0.000425399745352037,1,1793,0.952380952380952,0.952380952380952,0.952380952380952,7.31974275
formal,rlgc_error_20,ofdm_dense_ls,siso_forward,ordinary_ofdm_cfr,toa,white_awgn,20,1,8,0.25,0,0.25,1,0,0,0.00417978518472113,0.724466820185996,3.830567743827,0,0,1,1793,0.85,0.80952380952381,0.829268292682927,7.32181325
formal,rlgc_error_20,ofdm_dense_ls,three_view_complete,ordinary_ofdm_cfr,amplitude,white_awgn,20,1,8,1,1,1,0,0,0,0.00418585045174807,0.808603290836267,4.59936326263423,0,0.00239719993859393,3,1793,1,1,1,7.638506875
formal,rlgc_error_20,ofdm_dense_ls,three_view_complete,ordinary_ofdm_cfr,amp_phase_joint_weighted,white_awgn,20,1,8,0.875,0.875,0.875,0,0,0,0.00418585045174807,0.808603290836267,4.59936326263423,0,0.015077199152326,3,1793,0.976190476190476,0.976190476190476,0.976190476190476,7.647809125
formal,rlgc_error_20,ofdm_dense_ls,three_view_complete,ordinary_ofdm_cfr,cir,white_awgn,20,1,8,1,1,1,0,0,0,0.00418585045174807,0.808603290836267,4.59936326263423,0,0.000968205180207177,3,1793,1,1,1,7.6619915
formal,rlgc_error_20,ofdm_dense_ls,three_view_complete,ordinary_ofdm_cfr,toa,white_awgn,20,1,8,0.5,0.25,0.5,0.75,0,0,0.00418585045174807,0.808603290836267,4.59936326263423,0,1.69145586676648e-08,3,1793,0.904761904761905,0.904761904761905,0.904761904761905,7.66476825
formal,timing_offset_20,ofdm_dense_ls,siso_forward,ordinary_ofdm_cfr,amplitude,white_awgn,20,1,8,0.75,0.5,1,0.5,0,0.5,2.13828965066616,0.736619256333068,105.885485111464,-1.5625e-08,0.00248106117766042,1,1793,0.952380952380952,0.952380952380952,0.952380952380952,7.973693375
formal,timing_offset_20,ofdm_dense_ls,siso_forward,ordinary_ofdm_cfr,amp_phase_joint_weighted,white_awgn,20,1,8,0.125,0,0.5,1,0,1,2.13828965066616,0.736619256333068,105.885485111464,-1.5625e-08,5.55111512312578e-17,1,1793,0.875,0.833333333333333,0.853658536585366,7.978114875
formal,timing_offset_20,ofdm_dense_ls,siso_forward,ordinary_ofdm_cfr,cir,white_awgn,20,1,8,0.25,0.25,0.25,0,0.5,0,2.13828965066616,0.736619256333068,105.885485111464,-1.5625e-08,5.24089108891812e-05,1,1793,0.85,0.80952380952381,0.829268292682927,7.9841315
formal,timing_offset_20,ofdm_dense_ls,siso_forward,ordinary_ofdm_cfr,toa,white_awgn,20,1,8,0.25,0,0.25,1,0,0,2.13828965066616,0.736619256333068,105.885485111464,-1.5625e-08,0,1,1793,0.85,0.80952380952381,0.829268292682927,7.9858095
formal,timing_offset_20,ofdm_dense_ls,three_view_complete,ordinary_ofdm_cfr,amplitude,white_awgn,20,1,8,1,1,1,0,0,0,2.17407677185813,0.8176957001549,107.148833761055,-1.5625e-08,0.00453360290800346,3,1793,1,1,1,8.274033375
formal,timing_offset_20,ofdm_dense_ls,three_view_complete,ordinary_ofdm_cfr,amp_phase_joint_weighted,white_awgn,20,1,8,0,0,0,0,0,0,2.17407677185813,0.8176957001549,107.148833761055,-1.5625e-08,0.00164738916030766,3,1793,0.85,0.80952380952381,0.829268292682927,8.28321275
formal,timing_offset_20,ofdm_dense_ls,three_view_complete,ordinary_ofdm_cfr,cir,white_awgn,20,1,8,0,0,0,0,0,0,2.17407677185813,0.8176957001549,107.148833761055,-1.5625e-08,0.00012985880642095,3,1793,0.85,0.80952380952381,0.829268292682927,8.296826
formal,timing_offset_20,ofdm_dense_ls,three_view_complete,ordinary_ofdm_cfr,toa,white_awgn,20,1,8,0.5,0.25,0.5,0.75,0,0,2.17407677185813,0.8176957001549,107.148833761055,-1.5625e-08,7.8125e-09,3,1793,0.904761904761905,0.904761904761905,0.904761904761905,8.29964275
formal,sample_clock_20,ofdm_dense_ls,siso_forward,ordinary_ofdm_cfr,amplitude,white_awgn,20,1,8,0.875,0.5,1,0.5,0,0.5,0.0360754776526257,1.96479416590608,6.91966918414467,0,0.00212903247532029,1,1793,0.976190476190476,0.976190476190476,0.976190476190476,8.580602625
formal,sample_clock_20,ofdm_dense_ls,siso_forward,ordinary_ofdm_cfr,amp_phase_joint_weighted,white_awgn,20,1,8,0.75,0.5,1,0.5,0,0.5,0.0360754776526257,1.96479416590608,6.91966918414467,0,0.0348206804058642,1,1793,0.952380952380952,0.952380952380952,0.952380952380952,8.58509775
formal,sample_clock_20,ofdm_dense_ls,siso_forward,ordinary_ofdm_cfr,cir,white_awgn,20,1,8,0.875,0.5,1,0.5,0,0.5,0.0360754776526257,1.96479416590608,6.91966918414467,0,0.00207055577869398,1,1793,0.976190476190476,0.976190476190476,0.976190476190476,8.590751375
formal,sample_clock_20,ofdm_dense_ls,siso_forward,ordinary_ofdm_cfr,toa,white_awgn,20,1,8,0.25,0,0.25,1,0,0,0.0360754776526257,1.96479416590608,6.91966918414467,0,0,1,1793,0.85,0.80952380952381,0.829268292682927,8.592266875
formal,sample_clock_20,ofdm_dense_ls,three_view_complete,ordinary_ofdm_cfr,amplitude,white_awgn,20,1,8,1,1,1,0,0,0,0.0367284001846422,1.99233477953201,8.16458220733782,0,0.0035462101453589,3,1793,1,1,1,8.888975125
formal,sample_clock_20,ofdm_dense_ls,three_view_complete,ordinary_ofdm_cfr,amp_phase_joint_weighted,white_awgn,20,1,8,1,1,1,0,0,0,0.0367284001846422,1.99233477953201,8.16458220733782,0,0.06868129096901,3,1793,1,1,1,8.89806825
formal,sample_clock_20,ofdm_dense_ls,three_view_complete,ordinary_ofdm_cfr,cir,white_awgn,20,1,8,1,1,1,0,0,0,0.0367284001846422,1.99233477953201,8.16458220733782,0,0.00343561251116001,3,1793,1,1,1,8.911466875
formal,sample_clock_20,ofdm_dense_ls,three_view_complete,ordinary_ofdm_cfr,toa,white_awgn,20,1,8,0.5,0.25,0.5,0.75,0,0,0.0367284001846422,1.99233477953201,8.16458220733782,0,1.57869214231538e-08,3,1793,0.904761904761905,0.904761904761905,0.904761904761905,8.914142875
formal,pilot_phase_rotation_20,ofdm_dense_ls,siso_forward,ordinary_ofdm_cfr,amplitude,white_awgn,20,1,8,0.875,0.5,1,0.5,0,0.5,0.0721669668705498,0.742242307252285,4.24317328154607,0,0.00248985289256682,1,1793,0.976190476190476,0.976190476190476,0.976190476190476,9.184947
formal,pilot_phase_rotation_20,ofdm_dense_ls,siso_forward,ordinary_ofdm_cfr,amp_phase_joint_weighted,white_awgn,20,1,8,0.625,0.5,1,0.5,0,0.5,0.0721669668705498,0.742242307252285,4.24317328154607,0,0.0385044212368974,1,1793,0.928571428571429,0.928571428571429,0.928571428571429,9.188696125
formal,pilot_phase_rotation_20,ofdm_dense_ls,siso_forward,ordinary_ofdm_cfr,cir,white_awgn,20,1,8,0.875,0.5,1,0.5,0,0.5,0.0721669668705498,0.742242307252285,4.24317328154607,0,0.00153963042203168,1,1793,0.976190476190476,0.976190476190476,0.976190476190476,9.193857625
formal,pilot_phase_rotation_20,ofdm_dense_ls,siso_forward,ordinary_ofdm_cfr,toa,white_awgn,20,1,8,0.25,0,0.25,1,0,0,0.0721669668705498,0.742242307252285,4.24317328154607,0,0,1,1793,0.85,0.80952380952381,0.829268292682927,9.195258125
formal,pilot_phase_rotation_20,ofdm_dense_ls,three_view_complete,ordinary_ofdm_cfr,amplitude,white_awgn,20,1,8,1,1,1,0,0,0,0.0724001411056481,0.802790219662325,5.01834321238971,0,0.00452523191873559,3,1793,1,1,1,9.47547725
formal,pilot_phase_rotation_20,ofdm_dense_ls,three_view_complete,ordinary_ofdm_cfr,amp_phase_joint_weighted,white_awgn,20,1,8,1,1,1,0,0,0,0.0724001411056481,0.802790219662325,5.01834321238971,0,0.0769841644265312,3,1793,1,1,1,9.48432525
formal,pilot_phase_rotation_20,ofdm_dense_ls,three_view_complete,ordinary_ofdm_cfr,cir,white_awgn,20,1,8,1,1,1,0,0,0,0.0724001411056481,0.802790219662325,5.01834321238971,0,0.00256872928135096,3,1793,1,1,1,9.497399125
formal,pilot_phase_rotation_20,ofdm_dense_ls,three_view_complete,ordinary_ofdm_cfr,toa,white_awgn,20,1,8,0.5,0.25,0.5,0.75,0,0,0.0724001411056481,0.802790219662325,5.01834321238971,0,1.57869214231538e-08,3,1793,0.904761904761905,0.904761904761905,0.904761904761905,9.50000225
formal,terminal_impedance_error_20,ofdm_dense_ls,siso_forward,ordinary_ofdm_cfr,amplitude,white_awgn,20,1,8,0.75,0.5,1,0.5,0,0.5,0.00411647774735378,0.730905576815507,3.70406618759026,0,0.00248515203582336,1,1793,0.952380952380952,0.952380952380952,0.952380952380952,9.761109625
formal,terminal_impedance_error_20,ofdm_dense_ls,siso_forward,ordinary_ofdm_cfr,amp_phase_joint_weighted,white_awgn,20,1,8,0.75,0.5,1,0.5,0,0.5,0.00411647774735378,0.730905576815507,3.70406618759026,0,0.0390537852669195,1,1793,0.952380952380952,0.952380952380952,0.952380952380952,9.76465925
formal,terminal_impedance_error_20,ofdm_dense_ls,siso_forward,ordinary_ofdm_cfr,cir,white_awgn,20,1,8,0.625,0.5,1,0.5,0,0.5,0.00411647774735378,0.730905576815507,3.70406618759026,0,0.00262764919340785,1,1793,0.928571428571429,0.928571428571429,0.928571428571429,9.769725375
formal,terminal_impedance_error_20,ofdm_dense_ls,siso_forward,ordinary_ofdm_cfr,toa,white_awgn,20,1,8,0.25,0,0.25,1,0,0,0.00411647774735378,0.730905576815507,3.70406618759026,0,0,1,1793,0.85,0.80952380952381,0.829268292682927,9.771078125
formal,terminal_impedance_error_20,ofdm_dense_ls,three_view_complete,ordinary_ofdm_cfr,amplitude,white_awgn,20,1,8,1,1,1,0,0,0,0.00415327581166195,0.807418849964044,5.30373321505546,0,0.00452810423572701,3,1793,1,1,1,10.053373125
formal,terminal_impedance_error_20,ofdm_dense_ls,three_view_complete,ordinary_ofdm_cfr,amp_phase_joint_weighted,white_awgn,20,1,8,1,1,1,0,0,0,0.00415327581166195,0.807418849964044,5.30373321505546,0,0.0728694551157732,3,1793,1,1,1,10.062651125
formal,terminal_impedance_error_20,ofdm_dense_ls,three_view_complete,ordinary_ofdm_cfr,cir,white_awgn,20,1,8,1,1,1,0,0,0,0.00415327581166195,0.807418849964044,5.30373321505546,0,0.00460965979516609,3,1793,1,1,1,10.07635575
formal,terminal_impedance_error_20,ofdm_dense_ls,three_view_complete,ordinary_ofdm_cfr,toa,white_awgn,20,1,8,0.5,0.25,0.5,0.75,0,0,0.00415327581166195,0.807418849964044,5.30373321505546,0,1.57869214231538e-08,3,1793,0.904761904761905,0.904761904761905,0.904761904761905,10.079157375
formal,coupler_error_20,ofdm_dense_ls,siso_forward,ordinary_ofdm_cfr,amplitude,white_awgn,20,1,8,0.75,0.5,1,0.5,0,0.5,0.00412858556528445,0.721961649578897,3.93705236080276,0,0.00248726703519124,1,1793,0.952380952380952,0.952380952380952,0.952380952380952,10.367273
formal,coupler_error_20,ofdm_dense_ls,siso_forward,ordinary_ofdm_cfr,amp_phase_joint_weighted,white_awgn,20,1,8,0.875,0.5,1,0.5,0,0.5,0.00412858556528445,0.721961649578897,3.93705236080276,0,0.038454518959737,1,1793,0.976190476190476,0.976190476190476,0.976190476190476,10.371237625
formal,coupler_error_20,ofdm_dense_ls,siso_forward,ordinary_ofdm_cfr,cir,white_awgn,20,1,8,0.875,0.5,1,0.5,0,0.5,0.00412858556528445,0.721961649578897,3.93705236080276,0,0.0024867487430656,1,1793,0.976190476190476,0.976190476190476,0.976190476190476,10.376596
formal,coupler_error_20,ofdm_dense_ls,siso_forward,ordinary_ofdm_cfr,toa,white_awgn,20,1,8,0.25,0,0.25,1,0,0,0.00412858556528445,0.721961649578897,3.93705236080276,0,0,1,1793,0.85,0.80952380952381,0.829268292682927,10.37799525
formal,coupler_error_20,ofdm_dense_ls,three_view_complete,ordinary_ofdm_cfr,amplitude,white_awgn,20,1,8,1,1,1,0,0,0,0.00410785648627209,0.800373078240548,5.27297613837379,0,0.00452668976940777,3,1793,1,1,1,10.67893625
formal,coupler_error_20,ofdm_dense_ls,three_view_complete,ordinary_ofdm_cfr,amp_phase_joint_weighted,white_awgn,20,1,8,1,1,1,0,0,0,0.00410785648627209,0.800373078240548,5.27297613837379,0,0.0763373107793914,3,1793,1,1,1,10.68801225
formal,coupler_error_20,ofdm_dense_ls,three_view_complete,ordinary_ofdm_cfr,cir,white_awgn,20,1,8,1,1,1,0,0,0,0.00410785648627209,0.800373078240548,5.27297613837379,0,0.00432053516699654,3,1793,1,1,1,10.701249625
formal,coupler_error_20,ofdm_dense_ls,three_view_complete,ordinary_ofdm_cfr,toa,white_awgn,20,1,8,0.5,0.25,0.5,0.75,0,0,0.00410785648627209,0.800373078240548,5.27297613837379,0,1.57869214231538e-08,3,1793,0.904761904761905,0.904761904761905,0.904761904761905,10.703963375
