mode,scenario,input_mode,measurement_kind,feature,snr_db,noise_kind,true_id,predicted_id,count
smoke,ideal_true_cfr,ideal_true_cfr,siso_forward,amplitude,Inf,none,T2,T2,1
smoke,ideal_true_cfr,ideal_true_cfr,siso_forward,amp_phase_joint_weighted,Inf,none,T2,T2,1
smoke,ideal_true_cfr,ideal_true_cfr,siso_forward,cir,Inf,none,T2,T2,1
smoke,ideal_true_cfr,ideal_true_cfr,siso_forward,toa,Inf,none,T2,T2,1
smoke,ideal_true_cfr,ideal_true_cfr,siso_forward,amplitude,Inf,none,T3,T3,1
smoke,ideal_true_cfr,ideal_true_cfr,siso_forward,amp_phase_joint_weighted,Inf,none,T3,T3,1
smoke,ideal_true_cfr,ideal_true_cfr,siso_forward,cir,Inf,none,T3,T3,1
smoke,ideal_true_cfr,ideal_true_cfr,siso_forward,toa,Inf,none,T3,T2,1
smoke,ideal_true_cfr,ideal_true_cfr,siso_forward,amplitude,Inf,none,T4,T4,1
smoke,ideal_true_cfr,ideal_true_cfr,siso_forward,amp_phase_joint_weighted,Inf,none,T4,T4,1
smoke,ideal_true_cfr,ideal_true_cfr,siso_forward,cir,Inf,none,T4,T4,1
smoke,ideal_true_cfr,ideal_true_cfr,siso_forward,toa,Inf,none,T4,T2,1
smoke,ideal_true_cfr,ideal_true_cfr,siso_forward,amplitude,Inf,none,T5,T5,1
smoke,ideal_true_cfr,ideal_true_cfr,siso_forward,amp_phase_joint_weighted,Inf,none,T5,T5,1
smoke,ideal_true_cfr,ideal_true_cfr,siso_forward,cir,Inf,none,T5,T5,1
smoke,ideal_true_cfr,ideal_true_cfr,siso_forward,toa,Inf,none,T5,T2,1
smoke,ideal_true_cfr,ideal_true_cfr,bidirectional_endpoint_fixed,amplitude,Inf,none,T2,T2,1
smoke,ideal_true_cfr,ideal_true_cfr,bidirectional_endpoint_fixed,amp_phase_joint_weighted,Inf,none,T2,T2,1
smoke,ideal_true_cfr,ideal_true_cfr,bidirectional_endpoint_fixed,cir,Inf,none,T2,T2,1
smoke,ideal_true_cfr,ideal_true_cfr,bidirectional_endpoint_fixed,toa,Inf,none,T2,T2,1
smoke,ideal_true_cfr,ideal_true_cfr,bidirectional_endpoint_fixed,amplitude,Inf,none,T3,T3,1
smoke,ideal_true_cfr,ideal_true_cfr,bidirectional_endpoint_fixed,amp_phase_joint_weighted,Inf,none,T3,T3,1
smoke,ideal_true_cfr,ideal_true_cfr,bidirectional_endpoint_fixed,cir,Inf,none,T3,T3,1
smoke,ideal_true_cfr,ideal_true_cfr,bidirectional_endpoint_fixed,toa,Inf,none,T3,T2,1
smoke,ideal_true_cfr,ideal_true_cfr,bidirectional_endpoint_fixed,amplitude,Inf,none,T4,T4,1
smoke,ideal_true_cfr,ideal_true_cfr,bidirectional_endpoint_fixed,amp_phase_joint_weighted,Inf,none,T4,T4,1
smoke,ideal_true_cfr,ideal_true_cfr,bidirectional_endpoint_fixed,cir,Inf,none,T4,T4,1
smoke,ideal_true_cfr,ideal_true_cfr,bidirectional_endpoint_fixed,toa,Inf,none,T4,T2,1
smoke,ideal_true_cfr,ideal_true_cfr,bidirectional_endpoint_fixed,amplitude,Inf,none,T5,T5,1
smoke,ideal_true_cfr,ideal_true_cfr,bidirectional_endpoint_fixed,amp_phase_joint_weighted,Inf,none,T5,T5,1
smoke,ideal_true_cfr,ideal_true_cfr,bidirectional_endpoint_fixed,cir,Inf,none,T5,T5,1
smoke,ideal_true_cfr,ideal_true_cfr,bidirectional_endpoint_fixed,toa,Inf,none,T5,T2,1
smoke,ideal_true_cfr,ideal_true_cfr,dual_receiver_complete,amplitude,Inf,none,T2,T2,1
smoke,ideal_true_cfr,ideal_true_cfr,dual_receiver_complete,amp_phase_joint_weighted,Inf,none,T2,T2,1
smoke,ideal_true_cfr,ideal_true_cfr,dual_receiver_complete,cir,Inf,none,T2,T2,1
smoke,ideal_true_cfr,ideal_true_cfr,dual_receiver_complete,toa,Inf,none,T2,T2,1
smoke,ideal_true_cfr,ideal_true_cfr,dual_receiver_complete,amplitude,Inf,none,T3,T3,1
smoke,ideal_true_cfr,ideal_true_cfr,dual_receiver_complete,amp_phase_joint_weighted,Inf,none,T3,T3,1
smoke,ideal_true_cfr,ideal_true_cfr,dual_receiver_complete,cir,Inf,none,T3,T3,1
smoke,ideal_true_cfr,ideal_true_cfr,dual_receiver_complete,toa,Inf,none,T3,T2,1
smoke,ideal_true_cfr,ideal_true_cfr,dual_receiver_complete,amplitude,Inf,none,T4,T4,1
smoke,ideal_true_cfr,ideal_true_cfr,dual_receiver_complete,amp_phase_joint_weighted,Inf,none,T4,T4,1
smoke,ideal_true_cfr,ideal_true_cfr,dual_receiver_complete,cir,Inf,none,T4,T4,1
smoke,ideal_true_cfr,ideal_true_cfr,dual_receiver_complete,toa,Inf,none,T4,T4,1
smoke,ideal_true_cfr,ideal_true_cfr,dual_receiver_complete,amplitude,Inf,none,T5,T5,1
smoke,ideal_true_cfr,ideal_true_cfr,dual_receiver_complete,amp_phase_joint_weighted,Inf,none,T5,T5,1
smoke,ideal_true_cfr,ideal_true_cfr,dual_receiver_complete,cir,Inf,none,T5,T5,1
smoke,ideal_true_cfr,ideal_true_cfr,dual_receiver_complete,toa,Inf,none,T5,T2,1
smoke,ideal_true_cfr,ideal_true_cfr,three_view_complete,amplitude,Inf,none,T2,T2,1
smoke,ideal_true_cfr,ideal_true_cfr,three_view_complete,amp_phase_joint_weighted,Inf,none,T2,T2,1
smoke,ideal_true_cfr,ideal_true_cfr,three_view_complete,cir,Inf,none,T2,T2,1
smoke,ideal_true_cfr,ideal_true_cfr,three_view_complete,toa,Inf,none,T2,T2,1
smoke,ideal_true_cfr,ideal_true_cfr,three_view_complete,amplitude,Inf,none,T3,T3,1
smoke,ideal_true_cfr,ideal_true_cfr,three_view_complete,amp_phase_joint_weighted,Inf,none,T3,T3,1
smoke,ideal_true_cfr,ideal_true_cfr,three_view_complete,cir,Inf,none,T3,T3,1
smoke,ideal_true_cfr,ideal_true_cfr,three_view_complete,toa,Inf,none,T3,T2,1
smoke,ideal_true_cfr,ideal_true_cfr,three_view_complete,amplitude,Inf,none,T4,T4,1
smoke,ideal_true_cfr,ideal_true_cfr,three_view_complete,amp_phase_joint_weighted,Inf,none,T4,T4,1
smoke,ideal_true_cfr,ideal_true_cfr,three_view_complete,cir,Inf,none,T4,T4,1
smoke,ideal_true_cfr,ideal_true_cfr,three_view_complete,toa,Inf,none,T4,T4,1
smoke,ideal_true_cfr,ideal_true_cfr,three_view_complete,amplitude,Inf,none,T5,T5,1
smoke,ideal_true_cfr,ideal_true_cfr,three_view_complete,amp_phase_joint_weighted,Inf,none,T5,T5,1
smoke,ideal_true_cfr,ideal_true_cfr,three_view_complete,cir,Inf,none,T5,T5,1
smoke,ideal_true_cfr,ideal_true_cfr,three_view_complete,toa,Inf,none,T5,T2,1
smoke,white_dense_20,ofdm_dense_ls,siso_forward,amplitude,20,white_awgn,T2,T2,1
smoke,white_dense_20,ofdm_dense_ls,siso_forward,amp_phase_joint_weighted,20,white_awgn,T2,T2,1
smoke,white_dense_20,ofdm_dense_ls,siso_forward,cir,20,white_awgn,T2,T2,1
smoke,white_dense_20,ofdm_dense_ls,siso_forward,toa,20,white_awgn,T2,T2,1
smoke,white_dense_20,ofdm_dense_ls,siso_forward,amplitude,20,white_awgn,T3,T3,1
smoke,white_dense_20,ofdm_dense_ls,siso_forward,amp_phase_joint_weighted,20,white_awgn,T3,T5,1
smoke,white_dense_20,ofdm_dense_ls,siso_forward,cir,20,white_awgn,T3,T3,1
smoke,white_dense_20,ofdm_dense_ls,siso_forward,toa,20,white_awgn,T3,T2,1
smoke,white_dense_20,ofdm_dense_ls,siso_forward,amplitude,20,white_awgn,T4,T4,1
smoke,white_dense_20,ofdm_dense_ls,siso_forward,amp_phase_joint_weighted,20,white_awgn,T4,T4,1
smoke,white_dense_20,ofdm_dense_ls,siso_forward,cir,20,white_awgn,T4,T4,1
smoke,white_dense_20,ofdm_dense_ls,siso_forward,toa,20,white_awgn,T4,T2,1
smoke,white_dense_20,ofdm_dense_ls,siso_forward,amplitude,20,white_awgn,T5,T3,1
smoke,white_dense_20,ofdm_dense_ls,siso_forward,amp_phase_joint_weighted,20,white_awgn,T5,T5,1
smoke,white_dense_20,ofdm_dense_ls,siso_forward,cir,20,white_awgn,T5,T3,1
smoke,white_dense_20,ofdm_dense_ls,siso_forward,toa,20,white_awgn,T5,T2,1
smoke,white_dense_20,ofdm_dense_ls,bidirectional_endpoint_fixed,amplitude,20,white_awgn,T2,T2,1
smoke,white_dense_20,ofdm_dense_ls,bidirectional_endpoint_fixed,amp_phase_joint_weighted,20,white_awgn,T2,T2,1
smoke,white_dense_20,ofdm_dense_ls,bidirectional_endpoint_fixed,cir,20,white_awgn,T2,T2,1
smoke,white_dense_20,ofdm_dense_ls,bidirectional_endpoint_fixed,toa,20,white_awgn,T2,T2,1
smoke,white_dense_20,ofdm_dense_ls,bidirectional_endpoint_fixed,amplitude,20,white_awgn,T3,T5,1
smoke,white_dense_20,ofdm_dense_ls,bidirectional_endpoint_fixed,amp_phase_joint_weighted,20,white_awgn,T3,T5,1
smoke,white_dense_20,ofdm_dense_ls,bidirectional_endpoint_fixed,cir,20,white_awgn,T3,T5,1
smoke,white_dense_20,ofdm_dense_ls,bidirectional_endpoint_fixed,toa,20,white_awgn,T3,T2,1
smoke,white_dense_20,ofdm_dense_ls,bidirectional_endpoint_fixed,amplitude,20,white_awgn,T4,T4,1
smoke,white_dense_20,ofdm_dense_ls,bidirectional_endpoint_fixed,amp_phase_joint_weighted,20,white_awgn,T4,T4,1
smoke,white_dense_20,ofdm_dense_ls,bidirectional_endpoint_fixed,cir,20,white_awgn,T4,T4,1
smoke,white_dense_20,ofdm_dense_ls,bidirectional_endpoint_fixed,toa,20,white_awgn,T4,T2,1
smoke,white_dense_20,ofdm_dense_ls,bidirectional_endpoint_fixed,amplitude,20,white_awgn,T5,T3,1
smoke,white_dense_20,ofdm_dense_ls,bidirectional_endpoint_fixed,amp_phase_joint_weighted,20,white_awgn,T5,T3,1
smoke,white_dense_20,ofdm_dense_ls,bidirectional_endpoint_fixed,cir,20,white_awgn,T5,T3,1
smoke,white_dense_20,ofdm_dense_ls,bidirectional_endpoint_fixed,toa,20,white_awgn,T5,T2,1
smoke,white_dense_20,ofdm_dense_ls,dual_receiver_complete,amplitude,20,white_awgn,T2,T2,1
smoke,white_dense_20,ofdm_dense_ls,dual_receiver_complete,amp_phase_joint_weighted,20,white_awgn,T2,T2,1
smoke,white_dense_20,ofdm_dense_ls,dual_receiver_complete,cir,20,white_awgn,T2,T2,1
smoke,white_dense_20,ofdm_dense_ls,dual_receiver_complete,toa,20,white_awgn,T2,T2,1
smoke,white_dense_20,ofdm_dense_ls,dual_receiver_complete,amplitude,20,white_awgn,T3,T3,1
smoke,white_dense_20,ofdm_dense_ls,dual_receiver_complete,amp_phase_joint_weighted,20,white_awgn,T3,T3,1
smoke,white_dense_20,ofdm_dense_ls,dual_receiver_complete,cir,20,white_awgn,T3,T3,1
smoke,white_dense_20,ofdm_dense_ls,dual_receiver_complete,toa,20,white_awgn,T3,T2,1
smoke,white_dense_20,ofdm_dense_ls,dual_receiver_complete,amplitude,20,white_awgn,T4,T4,1
smoke,white_dense_20,ofdm_dense_ls,dual_receiver_complete,amp_phase_joint_weighted,20,white_awgn,T4,T4,1
smoke,white_dense_20,ofdm_dense_ls,dual_receiver_complete,cir,20,white_awgn,T4,T4,1
smoke,white_dense_20,ofdm_dense_ls,dual_receiver_complete,toa,20,white_awgn,T4,T4,1
smoke,white_dense_20,ofdm_dense_ls,dual_receiver_complete,amplitude,20,white_awgn,T5,T5,1
smoke,white_dense_20,ofdm_dense_ls,dual_receiver_complete,amp_phase_joint_weighted,20,white_awgn,T5,T5,1
smoke,white_dense_20,ofdm_dense_ls,dual_receiver_complete,cir,20,white_awgn,T5,T5,1
smoke,white_dense_20,ofdm_dense_ls,dual_receiver_complete,toa,20,white_awgn,T5,T2,1
smoke,white_dense_20,ofdm_dense_ls,three_view_complete,amplitude,20,white_awgn,T2,T2,1
smoke,white_dense_20,ofdm_dense_ls,three_view_complete,amp_phase_joint_weighted,20,white_awgn,T2,T2,1
smoke,white_dense_20,ofdm_dense_ls,three_view_complete,cir,20,white_awgn,T2,T2,1
smoke,white_dense_20,ofdm_dense_ls,three_view_complete,toa,20,white_awgn,T2,T2,1
smoke,white_dense_20,ofdm_dense_ls,three_view_complete,amplitude,20,white_awgn,T3,T3,1
smoke,white_dense_20,ofdm_dense_ls,three_view_complete,amp_phase_joint_weighted,20,white_awgn,T3,T3,1
smoke,white_dense_20,ofdm_dense_ls,three_view_complete,cir,20,white_awgn,T3,T3,1
smoke,white_dense_20,ofdm_dense_ls,three_view_complete,toa,20,white_awgn,T3,T2,1
smoke,white_dense_20,ofdm_dense_ls,three_view_complete,amplitude,20,white_awgn,T4,T4,1
smoke,white_dense_20,ofdm_dense_ls,three_view_complete,amp_phase_joint_weighted,20,white_awgn,T4,T4,1
smoke,white_dense_20,ofdm_dense_ls,three_view_complete,cir,20,white_awgn,T4,T4,1
smoke,white_dense_20,ofdm_dense_ls,three_view_complete,toa,20,white_awgn,T4,T4,1
smoke,white_dense_20,ofdm_dense_ls,three_view_complete,amplitude,20,white_awgn,T5,T5,1
smoke,white_dense_20,ofdm_dense_ls,three_view_complete,amp_phase_joint_weighted,20,white_awgn,T5,T5,1
smoke,white_dense_20,ofdm_dense_ls,three_view_complete,cir,20,white_awgn,T5,T5,1
smoke,white_dense_20,ofdm_dense_ls,three_view_complete,toa,20,white_awgn,T5,T2,1
smoke,white_sparse_20,ofdm_sparse_interp,siso_forward,amplitude,20,white_awgn,T2,T2,1
smoke,white_sparse_20,ofdm_sparse_interp,siso_forward,amp_phase_joint_weighted,20,white_awgn,T2,T2,1
smoke,white_sparse_20,ofdm_sparse_interp,siso_forward,cir,20,white_awgn,T2,T2,1
smoke,white_sparse_20,ofdm_sparse_interp,siso_forward,toa,20,white_awgn,T2,T2,1
smoke,white_sparse_20,ofdm_sparse_interp,siso_forward,amplitude,20,white_awgn,T3,T3,1
smoke,white_sparse_20,ofdm_sparse_interp,siso_forward,amp_phase_joint_weighted,20,white_awgn,T3,T3,1
smoke,white_sparse_20,ofdm_sparse_interp,siso_forward,cir,20,white_awgn,T3,T3,1
smoke,white_sparse_20,ofdm_sparse_interp,siso_forward,toa,20,white_awgn,T3,T2,1
smoke,white_sparse_20,ofdm_sparse_interp,siso_forward,amplitude,20,white_awgn,T4,T4,1
smoke,white_sparse_20,ofdm_sparse_interp,siso_forward,amp_phase_joint_weighted,20,white_awgn,T4,T4,1
smoke,white_sparse_20,ofdm_sparse_interp,siso_forward,cir,20,white_awgn,T4,T4,1
smoke,white_sparse_20,ofdm_sparse_interp,siso_forward,toa,20,white_awgn,T4,T2,1
smoke,white_sparse_20,ofdm_sparse_interp,siso_forward,amplitude,20,white_awgn,T5,T3,1
smoke,white_sparse_20,ofdm_sparse_interp,siso_forward,amp_phase_joint_weighted,20,white_awgn,T5,T3,1
smoke,white_sparse_20,ofdm_sparse_interp,siso_forward,cir,20,white_awgn,T5,T3,1
smoke,white_sparse_20,ofdm_sparse_interp,siso_forward,toa,20,white_awgn,T5,T2,1
smoke,white_sparse_20,ofdm_sparse_interp,bidirectional_endpoint_fixed,amplitude,20,white_awgn,T2,T2,1
smoke,white_sparse_20,ofdm_sparse_interp,bidirectional_endpoint_fixed,amp_phase_joint_weighted,20,white_awgn,T2,T2,1
smoke,white_sparse_20,ofdm_sparse_interp,bidirectional_endpoint_fixed,cir,20,white_awgn,T2,T2,1
smoke,white_sparse_20,ofdm_sparse_interp,bidirectional_endpoint_fixed,toa,20,white_awgn,T2,T2,1
smoke,white_sparse_20,ofdm_sparse_interp,bidirectional_endpoint_fixed,amplitude,20,white_awgn,T3,T3,1
smoke,white_sparse_20,ofdm_sparse_interp,bidirectional_endpoint_fixed,amp_phase_joint_weighted,20,white_awgn,T3,T5,1
smoke,white_sparse_20,ofdm_sparse_interp,bidirectional_endpoint_fixed,cir,20,white_awgn,T3,T3,1
smoke,white_sparse_20,ofdm_sparse_interp,bidirectional_endpoint_fixed,toa,20,white_awgn,T3,T2,1
smoke,white_sparse_20,ofdm_sparse_interp,bidirectional_endpoint_fixed,amplitude,20,white_awgn,T4,T4,1
smoke,white_sparse_20,ofdm_sparse_interp,bidirectional_endpoint_fixed,amp_phase_joint_weighted,20,white_awgn,T4,T4,1
smoke,white_sparse_20,ofdm_sparse_interp,bidirectional_endpoint_fixed,cir,20,white_awgn,T4,T4,1
smoke,white_sparse_20,ofdm_sparse_interp,bidirectional_endpoint_fixed,toa,20,white_awgn,T4,T2,1
smoke,white_sparse_20,ofdm_sparse_interp,bidirectional_endpoint_fixed,amplitude,20,white_awgn,T5,T3,1
smoke,white_sparse_20,ofdm_sparse_interp,bidirectional_endpoint_fixed,amp_phase_joint_weighted,20,white_awgn,T5,T3,1
smoke,white_sparse_20,ofdm_sparse_interp,bidirectional_endpoint_fixed,cir,20,white_awgn,T5,T3,1
smoke,white_sparse_20,ofdm_sparse_interp,bidirectional_endpoint_fixed,toa,20,white_awgn,T5,T2,1
smoke,white_sparse_20,ofdm_sparse_interp,dual_receiver_complete,amplitude,20,white_awgn,T2,T2,1
smoke,white_sparse_20,ofdm_sparse_interp,dual_receiver_complete,amp_phase_joint_weighted,20,white_awgn,T2,T2,1
smoke,white_sparse_20,ofdm_sparse_interp,dual_receiver_complete,cir,20,white_awgn,T2,T2,1
smoke,white_sparse_20,ofdm_sparse_interp,dual_receiver_complete,toa,20,white_awgn,T2,T2,1
smoke,white_sparse_20,ofdm_sparse_interp,dual_receiver_complete,amplitude,20,white_awgn,T3,T3,1
smoke,white_sparse_20,ofdm_sparse_interp,dual_receiver_complete,amp_phase_joint_weighted,20,white_awgn,T3,T3,1
smoke,white_sparse_20,ofdm_sparse_interp,dual_receiver_complete,cir,20,white_awgn,T3,T3,1
smoke,white_sparse_20,ofdm_sparse_interp,dual_receiver_complete,toa,20,white_awgn,T3,T2,1
smoke,white_sparse_20,ofdm_sparse_interp,dual_receiver_complete,amplitude,20,white_awgn,T4,T4,1
smoke,white_sparse_20,ofdm_sparse_interp,dual_receiver_complete,amp_phase_joint_weighted,20,white_awgn,T4,T4,1
smoke,white_sparse_20,ofdm_sparse_interp,dual_receiver_complete,cir,20,white_awgn,T4,T4,1
smoke,white_sparse_20,ofdm_sparse_interp,dual_receiver_complete,toa,20,white_awgn,T4,T4,1
smoke,white_sparse_20,ofdm_sparse_interp,dual_receiver_complete,amplitude,20,white_awgn,T5,T5,1
smoke,white_sparse_20,ofdm_sparse_interp,dual_receiver_complete,amp_phase_joint_weighted,20,white_awgn,T5,T5,1
smoke,white_sparse_20,ofdm_sparse_interp,dual_receiver_complete,cir,20,white_awgn,T5,T5,1
smoke,white_sparse_20,ofdm_sparse_interp,dual_receiver_complete,toa,20,white_awgn,T5,T2,1
smoke,white_sparse_20,ofdm_sparse_interp,three_view_complete,amplitude,20,white_awgn,T2,T2,1
smoke,white_sparse_20,ofdm_sparse_interp,three_view_complete,amp_phase_joint_weighted,20,white_awgn,T2,T2,1
smoke,white_sparse_20,ofdm_sparse_interp,three_view_complete,cir,20,white_awgn,T2,T2,1
smoke,white_sparse_20,ofdm_sparse_interp,three_view_complete,toa,20,white_awgn,T2,T2,1
smoke,white_sparse_20,ofdm_sparse_interp,three_view_complete,amplitude,20,white_awgn,T3,T3,1
smoke,white_sparse_20,ofdm_sparse_interp,three_view_complete,amp_phase_joint_weighted,20,white_awgn,T3,T3,1
smoke,white_sparse_20,ofdm_sparse_interp,three_view_complete,cir,20,white_awgn,T3,T3,1
smoke,white_sparse_20,ofdm_sparse_interp,three_view_complete,toa,20,white_awgn,T3,T2,1
smoke,white_sparse_20,ofdm_sparse_interp,three_view_complete,amplitude,20,white_awgn,T4,T4,1
smoke,white_sparse_20,ofdm_sparse_interp,three_view_complete,amp_phase_joint_weighted,20,white_awgn,T4,T4,1
smoke,white_sparse_20,ofdm_sparse_interp,three_view_complete,cir,20,white_awgn,T4,T4,1
smoke,white_sparse_20,ofdm_sparse_interp,three_view_complete,toa,20,white_awgn,T4,T4,1
smoke,white_sparse_20,ofdm_sparse_interp,three_view_complete,amplitude,20,white_awgn,T5,T5,1
smoke,white_sparse_20,ofdm_sparse_interp,three_view_complete,amp_phase_joint_weighted,20,white_awgn,T5,T5,1
smoke,white_sparse_20,ofdm_sparse_interp,three_view_complete,cir,20,white_awgn,T5,T5,1
smoke,white_sparse_20,ofdm_sparse_interp,three_view_complete,toa,20,white_awgn,T5,T2,1
smoke,colored_dense_20,ofdm_dense_ls,siso_forward,amplitude,20,colored_gaussian,T2,T2,1
smoke,colored_dense_20,ofdm_dense_ls,siso_forward,amp_phase_joint_weighted,20,colored_gaussian,T2,T2,1
smoke,colored_dense_20,ofdm_dense_ls,siso_forward,cir,20,colored_gaussian,T2,T2,1
smoke,colored_dense_20,ofdm_dense_ls,siso_forward,toa,20,colored_gaussian,T2,T2,1
smoke,colored_dense_20,ofdm_dense_ls,siso_forward,amplitude,20,colored_gaussian,T3,T3,1
smoke,colored_dense_20,ofdm_dense_ls,siso_forward,amp_phase_joint_weighted,20,colored_gaussian,T3,T3,1
smoke,colored_dense_20,ofdm_dense_ls,siso_forward,cir,20,colored_gaussian,T3,T3,1
smoke,colored_dense_20,ofdm_dense_ls,siso_forward,toa,20,colored_gaussian,T3,T2,1
smoke,colored_dense_20,ofdm_dense_ls,siso_forward,amplitude,20,colored_gaussian,T4,T4,1
smoke,colored_dense_20,ofdm_dense_ls,siso_forward,amp_phase_joint_weighted,20,colored_gaussian,T4,T4,1
smoke,colored_dense_20,ofdm_dense_ls,siso_forward,cir,20,colored_gaussian,T4,T4,1
smoke,colored_dense_20,ofdm_dense_ls,siso_forward,toa,20,colored_gaussian,T4,T2,1
smoke,colored_dense_20,ofdm_dense_ls,siso_forward,amplitude,20,colored_gaussian,T5,T5,1
smoke,colored_dense_20,ofdm_dense_ls,siso_forward,amp_phase_joint_weighted,20,colored_gaussian,T5,T5,1
smoke,colored_dense_20,ofdm_dense_ls,siso_forward,cir,20,colored_gaussian,T5,T5,1
smoke,colored_dense_20,ofdm_dense_ls,siso_forward,toa,20,colored_gaussian,T5,T2,1
smoke,colored_dense_20,ofdm_dense_ls,three_view_complete,amplitude,20,colored_gaussian,T2,T2,1
smoke,colored_dense_20,ofdm_dense_ls,three_view_complete,amp_phase_joint_weighted,20,colored_gaussian,T2,T2,1
smoke,colored_dense_20,ofdm_dense_ls,three_view_complete,cir,20,colored_gaussian,T2,T2,1
smoke,colored_dense_20,ofdm_dense_ls,three_view_complete,toa,20,colored_gaussian,T2,T2,1
smoke,colored_dense_20,ofdm_dense_ls,three_view_complete,amplitude,20,colored_gaussian,T3,T3,1
smoke,colored_dense_20,ofdm_dense_ls,three_view_complete,amp_phase_joint_weighted,20,colored_gaussian,T3,T3,1
smoke,colored_dense_20,ofdm_dense_ls,three_view_complete,cir,20,colored_gaussian,T3,T3,1
smoke,colored_dense_20,ofdm_dense_ls,three_view_complete,toa,20,colored_gaussian,T3,T2,1
smoke,colored_dense_20,ofdm_dense_ls,three_view_complete,amplitude,20,colored_gaussian,T4,T4,1
smoke,colored_dense_20,ofdm_dense_ls,three_view_complete,amp_phase_joint_weighted,20,colored_gaussian,T4,T4,1
smoke,colored_dense_20,ofdm_dense_ls,three_view_complete,cir,20,colored_gaussian,T4,T4,1
smoke,colored_dense_20,ofdm_dense_ls,three_view_complete,toa,20,colored_gaussian,T4,T4,1
smoke,colored_dense_20,ofdm_dense_ls,three_view_complete,amplitude,20,colored_gaussian,T5,T5,1
smoke,colored_dense_20,ofdm_dense_ls,three_view_complete,amp_phase_joint_weighted,20,colored_gaussian,T5,T5,1
smoke,colored_dense_20,ofdm_dense_ls,three_view_complete,cir,20,colored_gaussian,T5,T5,1
smoke,colored_dense_20,ofdm_dense_ls,three_view_complete,toa,20,colored_gaussian,T5,T2,1
smoke,impulsive_dense_20,ofdm_dense_ls,siso_forward,amplitude,20,impulsive,T2,T2,1
smoke,impulsive_dense_20,ofdm_dense_ls,siso_forward,amp_phase_joint_weighted,20,impulsive,T2,T2,1
smoke,impulsive_dense_20,ofdm_dense_ls,siso_forward,cir,20,impulsive,T2,T2,1
smoke,impulsive_dense_20,ofdm_dense_ls,siso_forward,toa,20,impulsive,T2,T2,1
smoke,impulsive_dense_20,ofdm_dense_ls,siso_forward,amplitude,20,impulsive,T3,T5,1
smoke,impulsive_dense_20,ofdm_dense_ls,siso_forward,amp_phase_joint_weighted,20,impulsive,T3,T3,1
smoke,impulsive_dense_20,ofdm_dense_ls,siso_forward,cir,20,impulsive,T3,T5,1
smoke,impulsive_dense_20,ofdm_dense_ls,siso_forward,toa,20,impulsive,T3,T2,1
smoke,impulsive_dense_20,ofdm_dense_ls,siso_forward,amplitude,20,impulsive,T4,T4,1
smoke,impulsive_dense_20,ofdm_dense_ls,siso_forward,amp_phase_joint_weighted,20,impulsive,T4,T4,1
smoke,impulsive_dense_20,ofdm_dense_ls,siso_forward,cir,20,impulsive,T4,T4,1
smoke,impulsive_dense_20,ofdm_dense_ls,siso_forward,toa,20,impulsive,T4,T2,1
smoke,impulsive_dense_20,ofdm_dense_ls,siso_forward,amplitude,20,impulsive,T5,T3,1
smoke,impulsive_dense_20,ofdm_dense_ls,siso_forward,amp_phase_joint_weighted,20,impulsive,T5,T3,1
smoke,impulsive_dense_20,ofdm_dense_ls,siso_forward,cir,20,impulsive,T5,T5,1
smoke,impulsive_dense_20,ofdm_dense_ls,siso_forward,toa,20,impulsive,T5,T2,1
smoke,impulsive_dense_20,ofdm_dense_ls,three_view_complete,amplitude,20,impulsive,T2,T2,1
smoke,impulsive_dense_20,ofdm_dense_ls,three_view_complete,amp_phase_joint_weighted,20,impulsive,T2,T2,1
smoke,impulsive_dense_20,ofdm_dense_ls,three_view_complete,cir,20,impulsive,T2,T2,1
smoke,impulsive_dense_20,ofdm_dense_ls,three_view_complete,toa,20,impulsive,T2,T2,1
smoke,impulsive_dense_20,ofdm_dense_ls,three_view_complete,amplitude,20,impulsive,T3,T3,1
smoke,impulsive_dense_20,ofdm_dense_ls,three_view_complete,amp_phase_joint_weighted,20,impulsive,T3,T3,1
smoke,impulsive_dense_20,ofdm_dense_ls,three_view_complete,cir,20,impulsive,T3,T3,1
smoke,impulsive_dense_20,ofdm_dense_ls,three_view_complete,toa,20,impulsive,T3,T2,1
smoke,impulsive_dense_20,ofdm_dense_ls,three_view_complete,amplitude,20,impulsive,T4,T4,1
smoke,impulsive_dense_20,ofdm_dense_ls,three_view_complete,amp_phase_joint_weighted,20,impulsive,T4,T4,1
smoke,impulsive_dense_20,ofdm_dense_ls,three_view_complete,cir,20,impulsive,T4,T4,1
smoke,impulsive_dense_20,ofdm_dense_ls,three_view_complete,toa,20,impulsive,T4,T4,1
smoke,impulsive_dense_20,ofdm_dense_ls,three_view_complete,amplitude,20,impulsive,T5,T5,1
smoke,impulsive_dense_20,ofdm_dense_ls,three_view_complete,amp_phase_joint_weighted,20,impulsive,T5,T5,1
smoke,impulsive_dense_20,ofdm_dense_ls,three_view_complete,cir,20,impulsive,T5,T5,1
smoke,impulsive_dense_20,ofdm_dense_ls,three_view_complete,toa,20,impulsive,T5,T2,1
smoke,load_change_20,ofdm_dense_ls,siso_forward,amplitude,20,white_awgn,T2,T2,1
smoke,load_change_20,ofdm_dense_ls,siso_forward,amp_phase_joint_weighted,20,white_awgn,T2,T2,1
smoke,load_change_20,ofdm_dense_ls,siso_forward,cir,20,white_awgn,T2,T2,1
smoke,load_change_20,ofdm_dense_ls,siso_forward,toa,20,white_awgn,T2,T2,1
smoke,load_change_20,ofdm_dense_ls,siso_forward,amplitude,20,white_awgn,T3,T3,1
smoke,load_change_20,ofdm_dense_ls,siso_forward,amp_phase_joint_weighted,20,white_awgn,T3,T5,1
smoke,load_change_20,ofdm_dense_ls,siso_forward,cir,20,white_awgn,T3,T3,1
smoke,load_change_20,ofdm_dense_ls,siso_forward,toa,20,white_awgn,T3,T2,1
smoke,load_change_20,ofdm_dense_ls,siso_forward,amplitude,20,white_awgn,T4,T4,1
smoke,load_change_20,ofdm_dense_ls,siso_forward,amp_phase_joint_weighted,20,white_awgn,T4,T4,1
smoke,load_change_20,ofdm_dense_ls,siso_forward,cir,20,white_awgn,T4,T4,1
smoke,load_change_20,ofdm_dense_ls,siso_forward,toa,20,white_awgn,T4,T2,1
smoke,load_change_20,ofdm_dense_ls,siso_forward,amplitude,20,white_awgn,T5,T3,1
smoke,load_change_20,ofdm_dense_ls,siso_forward,amp_phase_joint_weighted,20,white_awgn,T5,T5,1
smoke,load_change_20,ofdm_dense_ls,siso_forward,cir,20,white_awgn,T5,T5,1
smoke,load_change_20,ofdm_dense_ls,siso_forward,toa,20,white_awgn,T5,T2,1
smoke,load_change_20,ofdm_dense_ls,three_view_complete,amplitude,20,white_awgn,T2,T2,1
smoke,load_change_20,ofdm_dense_ls,three_view_complete,amp_phase_joint_weighted,20,white_awgn,T2,T2,1
smoke,load_change_20,ofdm_dense_ls,three_view_complete,cir,20,white_awgn,T2,T2,1
smoke,load_change_20,ofdm_dense_ls,three_view_complete,toa,20,white_awgn,T2,T2,1
smoke,load_change_20,ofdm_dense_ls,three_view_complete,amplitude,20,white_awgn,T3,T3,1
smoke,load_change_20,ofdm_dense_ls,three_view_complete,amp_phase_joint_weighted,20,white_awgn,T3,T3,1
smoke,load_change_20,ofdm_dense_ls,three_view_complete,cir,20,white_awgn,T3,T3,1
smoke,load_change_20,ofdm_dense_ls,three_view_complete,toa,20,white_awgn,T3,T2,1
smoke,load_change_20,ofdm_dense_ls,three_view_complete,amplitude,20,white_awgn,T4,T4,1
smoke,load_change_20,ofdm_dense_ls,three_view_complete,amp_phase_joint_weighted,20,white_awgn,T4,T4,1
smoke,load_change_20,ofdm_dense_ls,three_view_complete,cir,20,white_awgn,T4,T4,1
smoke,load_change_20,ofdm_dense_ls,three_view_complete,toa,20,white_awgn,T4,T4,1
smoke,load_change_20,ofdm_dense_ls,three_view_complete,amplitude,20,white_awgn,T5,T5,1
smoke,load_change_20,ofdm_dense_ls,three_view_complete,amp_phase_joint_weighted,20,white_awgn,T5,T5,1
smoke,load_change_20,ofdm_dense_ls,three_view_complete,cir,20,white_awgn,T5,T5,1
smoke,load_change_20,ofdm_dense_ls,three_view_complete,toa,20,white_awgn,T5,T2,1
smoke,load_time_varying_20,ofdm_dense_ls,siso_forward,amplitude,20,white_awgn,T2,T2,1
smoke,load_time_varying_20,ofdm_dense_ls,siso_forward,amp_phase_joint_weighted,20,white_awgn,T2,T2,1
smoke,load_time_varying_20,ofdm_dense_ls,siso_forward,cir,20,white_awgn,T2,T2,1
smoke,load_time_varying_20,ofdm_dense_ls,siso_forward,toa,20,white_awgn,T2,T2,1
smoke,load_time_varying_20,ofdm_dense_ls,siso_forward,amplitude,20,white_awgn,T3,T5,1
smoke,load_time_varying_20,ofdm_dense_ls,siso_forward,amp_phase_joint_weighted,20,white_awgn,T3,T5,1
smoke,load_time_varying_20,ofdm_dense_ls,siso_forward,cir,20,white_awgn,T3,T5,1
smoke,load_time_varying_20,ofdm_dense_ls,siso_forward,toa,20,white_awgn,T3,T2,1
smoke,load_time_varying_20,ofdm_dense_ls,siso_forward,amplitude,20,white_awgn,T4,T4,1
smoke,load_time_varying_20,ofdm_dense_ls,siso_forward,amp_phase_joint_weighted,20,white_awgn,T4,T4,1
smoke,load_time_varying_20,ofdm_dense_ls,siso_forward,cir,20,white_awgn,T4,T4,1
smoke,load_time_varying_20,ofdm_dense_ls,siso_forward,toa,20,white_awgn,T4,T2,1
smoke,load_time_varying_20,ofdm_dense_ls,siso_forward,amplitude,20,white_awgn,T5,T3,1
smoke,load_time_varying_20,ofdm_dense_ls,siso_forward,amp_phase_joint_weighted,20,white_awgn,T5,T3,1
smoke,load_time_varying_20,ofdm_dense_ls,siso_forward,cir,20,white_awgn,T5,T3,1
smoke,load_time_varying_20,ofdm_dense_ls,siso_forward,toa,20,white_awgn,T5,T2,1
smoke,load_time_varying_20,ofdm_dense_ls,three_view_complete,amplitude,20,white_awgn,T2,T2,1
smoke,load_time_varying_20,ofdm_dense_ls,three_view_complete,amp_phase_joint_weighted,20,white_awgn,T2,T2,1
smoke,load_time_varying_20,ofdm_dense_ls,three_view_complete,cir,20,white_awgn,T2,T2,1
smoke,load_time_varying_20,ofdm_dense_ls,three_view_complete,toa,20,white_awgn,T2,T2,1
smoke,load_time_varying_20,ofdm_dense_ls,three_view_complete,amplitude,20,white_awgn,T3,T3,1
smoke,load_time_varying_20,ofdm_dense_ls,three_view_complete,amp_phase_joint_weighted,20,white_awgn,T3,T3,1
smoke,load_time_varying_20,ofdm_dense_ls,three_view_complete,cir,20,white_awgn,T3,T3,1
smoke,load_time_varying_20,ofdm_dense_ls,three_view_complete,toa,20,white_awgn,T3,T2,1
smoke,load_time_varying_20,ofdm_dense_ls,three_view_complete,amplitude,20,white_awgn,T4,T4,1
smoke,load_time_varying_20,ofdm_dense_ls,three_view_complete,amp_phase_joint_weighted,20,white_awgn,T4,T4,1
smoke,load_time_varying_20,ofdm_dense_ls,three_view_complete,cir,20,white_awgn,T4,T4,1
smoke,load_time_varying_20,ofdm_dense_ls,three_view_complete,toa,20,white_awgn,T4,T4,1
smoke,load_time_varying_20,ofdm_dense_ls,three_view_complete,amplitude,20,white_awgn,T5,T5,1
smoke,load_time_varying_20,ofdm_dense_ls,three_view_complete,amp_phase_joint_weighted,20,white_awgn,T5,T5,1
smoke,load_time_varying_20,ofdm_dense_ls,three_view_complete,cir,20,white_awgn,T5,T5,1
smoke,load_time_varying_20,ofdm_dense_ls,three_view_complete,toa,20,white_awgn,T5,T2,1
smoke,length_error_20,ofdm_dense_ls,siso_forward,amplitude,20,white_awgn,T2,T2,1
smoke,length_error_20,ofdm_dense_ls,siso_forward,amp_phase_joint_weighted,20,white_awgn,T2,T2,1
smoke,length_error_20,ofdm_dense_ls,siso_forward,cir,20,white_awgn,T2,T2,1
smoke,length_error_20,ofdm_dense_ls,siso_forward,toa,20,white_awgn,T2,T2,1
smoke,length_error_20,ofdm_dense_ls,siso_forward,amplitude,20,white_awgn,T3,T3,1
smoke,length_error_20,ofdm_dense_ls,siso_forward,amp_phase_joint_weighted,20,white_awgn,T3,T3,1
smoke,length_error_20,ofdm_dense_ls,siso_forward,cir,20,white_awgn,T3,T3,1
smoke,length_error_20,ofdm_dense_ls,siso_forward,toa,20,white_awgn,T3,T2,1
smoke,length_error_20,ofdm_dense_ls,siso_forward,amplitude,20,white_awgn,T4,T4,1
smoke,length_error_20,ofdm_dense_ls,siso_forward,amp_phase_joint_weighted,20,white_awgn,T4,T5,1
smoke,length_error_20,ofdm_dense_ls,siso_forward,cir,20,white_awgn,T4,T4,1
smoke,length_error_20,ofdm_dense_ls,siso_forward,toa,20,white_awgn,T4,T2,1
smoke,length_error_20,ofdm_dense_ls,siso_forward,amplitude,20,white_awgn,T5,T3,1
smoke,length_error_20,ofdm_dense_ls,siso_forward,amp_phase_joint_weighted,20,white_awgn,T5,T3,1
smoke,length_error_20,ofdm_dense_ls,siso_forward,cir,20,white_awgn,T5,T5,1
smoke,length_error_20,ofdm_dense_ls,siso_forward,toa,20,white_awgn,T5,T2,1
smoke,length_error_20,ofdm_dense_ls,three_view_complete,amplitude,20,white_awgn,T2,T2,1
smoke,length_error_20,ofdm_dense_ls,three_view_complete,amp_phase_joint_weighted,20,white_awgn,T2,T3,1
smoke,length_error_20,ofdm_dense_ls,three_view_complete,cir,20,white_awgn,T2,T2,1
smoke,length_error_20,ofdm_dense_ls,three_view_complete,toa,20,white_awgn,T2,T2,1
smoke,length_error_20,ofdm_dense_ls,three_view_complete,amplitude,20,white_awgn,T3,T3,1
smoke,length_error_20,ofdm_dense_ls,three_view_complete,amp_phase_joint_weighted,20,white_awgn,T3,T3,1
smoke,length_error_20,ofdm_dense_ls,three_view_complete,cir,20,white_awgn,T3,T3,1
smoke,length_error_20,ofdm_dense_ls,three_view_complete,toa,20,white_awgn,T3,T2,1
smoke,length_error_20,ofdm_dense_ls,three_view_complete,amplitude,20,white_awgn,T4,T4,1
smoke,length_error_20,ofdm_dense_ls,three_view_complete,amp_phase_joint_weighted,20,white_awgn,T4,T4,1
smoke,length_error_20,ofdm_dense_ls,three_view_complete,cir,20,white_awgn,T4,T4,1
smoke,length_error_20,ofdm_dense_ls,three_view_complete,toa,20,white_awgn,T4,T4,1
smoke,length_error_20,ofdm_dense_ls,three_view_complete,amplitude,20,white_awgn,T5,T5,1
smoke,length_error_20,ofdm_dense_ls,three_view_complete,amp_phase_joint_weighted,20,white_awgn,T5,T5,1
smoke,length_error_20,ofdm_dense_ls,three_view_complete,cir,20,white_awgn,T5,T5,1
smoke,length_error_20,ofdm_dense_ls,three_view_complete,toa,20,white_awgn,T5,T2,1
smoke,rlgc_error_20,ofdm_dense_ls,siso_forward,amplitude,20,white_awgn,T2,T2,1
smoke,rlgc_error_20,ofdm_dense_ls,siso_forward,amp_phase_joint_weighted,20,white_awgn,T2,T2,1
smoke,rlgc_error_20,ofdm_dense_ls,siso_forward,cir,20,white_awgn,T2,T2,1
smoke,rlgc_error_20,ofdm_dense_ls,siso_forward,toa,20,white_awgn,T2,T2,1
smoke,rlgc_error_20,ofdm_dense_ls,siso_forward,amplitude,20,white_awgn,T3,T3,1
smoke,rlgc_error_20,ofdm_dense_ls,siso_forward,amp_phase_joint_weighted,20,white_awgn,T3,T3,1
smoke,rlgc_error_20,ofdm_dense_ls,siso_forward,cir,20,white_awgn,T3,T5,1
smoke,rlgc_error_20,ofdm_dense_ls,siso_forward,toa,20,white_awgn,T3,T2,1
smoke,rlgc_error_20,ofdm_dense_ls,siso_forward,amplitude,20,white_awgn,T4,T4,1
smoke,rlgc_error_20,ofdm_dense_ls,siso_forward,amp_phase_joint_weighted,20,white_awgn,T4,T4,1
smoke,rlgc_error_20,ofdm_dense_ls,siso_forward,cir,20,white_awgn,T4,T4,1
smoke,rlgc_error_20,ofdm_dense_ls,siso_forward,toa,20,white_awgn,T4,T2,1
smoke,rlgc_error_20,ofdm_dense_ls,siso_forward,amplitude,20,white_awgn,T5,T3,1
smoke,rlgc_error_20,ofdm_dense_ls,siso_forward,amp_phase_joint_weighted,20,white_awgn,T5,T3,1
smoke,rlgc_error_20,ofdm_dense_ls,siso_forward,cir,20,white_awgn,T5,T5,1
smoke,rlgc_error_20,ofdm_dense_ls,siso_forward,toa,20,white_awgn,T5,T2,1
smoke,rlgc_error_20,ofdm_dense_ls,three_view_complete,amplitude,20,white_awgn,T2,T2,1
smoke,rlgc_error_20,ofdm_dense_ls,three_view_complete,amp_phase_joint_weighted,20,white_awgn,T2,T2,1
smoke,rlgc_error_20,ofdm_dense_ls,three_view_complete,cir,20,white_awgn,T2,T2,1
smoke,rlgc_error_20,ofdm_dense_ls,three_view_complete,toa,20,white_awgn,T2,T2,1
smoke,rlgc_error_20,ofdm_dense_ls,three_view_complete,amplitude,20,white_awgn,T3,T3,1
smoke,rlgc_error_20,ofdm_dense_ls,three_view_complete,amp_phase_joint_weighted,20,white_awgn,T3,T3,1
smoke,rlgc_error_20,ofdm_dense_ls,three_view_complete,cir,20,white_awgn,T3,T3,1
smoke,rlgc_error_20,ofdm_dense_ls,three_view_complete,toa,20,white_awgn,T3,T2,1
smoke,rlgc_error_20,ofdm_dense_ls,three_view_complete,amplitude,20,white_awgn,T4,T4,1
smoke,rlgc_error_20,ofdm_dense_ls,three_view_complete,amp_phase_joint_weighted,20,white_awgn,T4,T4,1
smoke,rlgc_error_20,ofdm_dense_ls,three_view_complete,cir,20,white_awgn,T4,T4,1
smoke,rlgc_error_20,ofdm_dense_ls,three_view_complete,toa,20,white_awgn,T4,T4,1
smoke,rlgc_error_20,ofdm_dense_ls,three_view_complete,amplitude,20,white_awgn,T5,T5,1
smoke,rlgc_error_20,ofdm_dense_ls,three_view_complete,amp_phase_joint_weighted,20,white_awgn,T5,T5,1
smoke,rlgc_error_20,ofdm_dense_ls,three_view_complete,cir,20,white_awgn,T5,T5,1
smoke,rlgc_error_20,ofdm_dense_ls,three_view_complete,toa,20,white_awgn,T5,T2,1
smoke,timing_offset_20,ofdm_dense_ls,siso_forward,amplitude,20,white_awgn,T2,T2,1
smoke,timing_offset_20,ofdm_dense_ls,siso_forward,amp_phase_joint_weighted,20,white_awgn,T2,T3,1
smoke,timing_offset_20,ofdm_dense_ls,siso_forward,cir,20,white_awgn,T2,T2,1
smoke,timing_offset_20,ofdm_dense_ls,siso_forward,toa,20,white_awgn,T2,T2,1
smoke,timing_offset_20,ofdm_dense_ls,siso_forward,amplitude,20,white_awgn,T3,T3,1
smoke,timing_offset_20,ofdm_dense_ls,siso_forward,amp_phase_joint_weighted,20,white_awgn,T3,T5,1
smoke,timing_offset_20,ofdm_dense_ls,siso_forward,cir,20,white_awgn,T3,T2,1
smoke,timing_offset_20,ofdm_dense_ls,siso_forward,toa,20,white_awgn,T3,T2,1
smoke,timing_offset_20,ofdm_dense_ls,siso_forward,amplitude,20,white_awgn,T4,T4,1
smoke,timing_offset_20,ofdm_dense_ls,siso_forward,amp_phase_joint_weighted,20,white_awgn,T4,T3,1
smoke,timing_offset_20,ofdm_dense_ls,siso_forward,cir,20,white_awgn,T4,T2,1
smoke,timing_offset_20,ofdm_dense_ls,siso_forward,toa,20,white_awgn,T4,T2,1
smoke,timing_offset_20,ofdm_dense_ls,siso_forward,amplitude,20,white_awgn,T5,T3,1
smoke,timing_offset_20,ofdm_dense_ls,siso_forward,amp_phase_joint_weighted,20,white_awgn,T5,T3,1
smoke,timing_offset_20,ofdm_dense_ls,siso_forward,cir,20,white_awgn,T5,T2,1
smoke,timing_offset_20,ofdm_dense_ls,siso_forward,toa,20,white_awgn,T5,T2,1
smoke,timing_offset_20,ofdm_dense_ls,three_view_complete,amplitude,20,white_awgn,T2,T2,1
smoke,timing_offset_20,ofdm_dense_ls,three_view_complete,amp_phase_joint_weighted,20,white_awgn,T2,T5,1
smoke,timing_offset_20,ofdm_dense_ls,three_view_complete,cir,20,white_awgn,T2,T5,1
smoke,timing_offset_20,ofdm_dense_ls,three_view_complete,toa,20,white_awgn,T2,T2,1
smoke,timing_offset_20,ofdm_dense_ls,three_view_complete,amplitude,20,white_awgn,T3,T3,1
smoke,timing_offset_20,ofdm_dense_ls,three_view_complete,amp_phase_joint_weighted,20,white_awgn,T3,T5,1
smoke,timing_offset_20,ofdm_dense_ls,three_view_complete,cir,20,white_awgn,T3,T5,1
smoke,timing_offset_20,ofdm_dense_ls,three_view_complete,toa,20,white_awgn,T3,T2,1
smoke,timing_offset_20,ofdm_dense_ls,three_view_complete,amplitude,20,white_awgn,T4,T4,1
smoke,timing_offset_20,ofdm_dense_ls,three_view_complete,amp_phase_joint_weighted,20,white_awgn,T4,T5,1
smoke,timing_offset_20,ofdm_dense_ls,three_view_complete,cir,20,white_awgn,T4,T3,1
smoke,timing_offset_20,ofdm_dense_ls,three_view_complete,toa,20,white_awgn,T4,T4,1
smoke,timing_offset_20,ofdm_dense_ls,three_view_complete,amplitude,20,white_awgn,T5,T5,1
smoke,timing_offset_20,ofdm_dense_ls,three_view_complete,amp_phase_joint_weighted,20,white_awgn,T5,T3,1
smoke,timing_offset_20,ofdm_dense_ls,three_view_complete,cir,20,white_awgn,T5,T3,1
smoke,timing_offset_20,ofdm_dense_ls,three_view_complete,toa,20,white_awgn,T5,T2,1
smoke,sample_clock_20,ofdm_dense_ls,siso_forward,amplitude,20,white_awgn,T2,T2,1
smoke,sample_clock_20,ofdm_dense_ls,siso_forward,amp_phase_joint_weighted,20,white_awgn,T2,T2,1
smoke,sample_clock_20,ofdm_dense_ls,siso_forward,cir,20,white_awgn,T2,T2,1
smoke,sample_clock_20,ofdm_dense_ls,siso_forward,toa,20,white_awgn,T2,T2,1
smoke,sample_clock_20,ofdm_dense_ls,siso_forward,amplitude,20,white_awgn,T3,T3,1
smoke,sample_clock_20,ofdm_dense_ls,siso_forward,amp_phase_joint_weighted,20,white_awgn,T3,T3,1
smoke,sample_clock_20,ofdm_dense_ls,siso_forward,cir,20,white_awgn,T3,T3,1
smoke,sample_clock_20,ofdm_dense_ls,siso_forward,toa,20,white_awgn,T3,T2,1
smoke,sample_clock_20,ofdm_dense_ls,siso_forward,amplitude,20,white_awgn,T4,T4,1
smoke,sample_clock_20,ofdm_dense_ls,siso_forward,amp_phase_joint_weighted,20,white_awgn,T4,T4,1
smoke,sample_clock_20,ofdm_dense_ls,siso_forward,cir,20,white_awgn,T4,T4,1
smoke,sample_clock_20,ofdm_dense_ls,siso_forward,toa,20,white_awgn,T4,T2,1
smoke,sample_clock_20,ofdm_dense_ls,siso_forward,amplitude,20,white_awgn,T5,T3,1
smoke,sample_clock_20,ofdm_dense_ls,siso_forward,amp_phase_joint_weighted,20,white_awgn,T5,T3,1
smoke,sample_clock_20,ofdm_dense_ls,siso_forward,cir,20,white_awgn,T5,T5,1
smoke,sample_clock_20,ofdm_dense_ls,siso_forward,toa,20,white_awgn,T5,T2,1
smoke,sample_clock_20,ofdm_dense_ls,three_view_complete,amplitude,20,white_awgn,T2,T2,1
smoke,sample_clock_20,ofdm_dense_ls,three_view_complete,amp_phase_joint_weighted,20,white_awgn,T2,T2,1
smoke,sample_clock_20,ofdm_dense_ls,three_view_complete,cir,20,white_awgn,T2,T2,1
smoke,sample_clock_20,ofdm_dense_ls,three_view_complete,toa,20,white_awgn,T2,T2,1
smoke,sample_clock_20,ofdm_dense_ls,three_view_complete,amplitude,20,white_awgn,T3,T3,1
smoke,sample_clock_20,ofdm_dense_ls,three_view_complete,amp_phase_joint_weighted,20,white_awgn,T3,T3,1
smoke,sample_clock_20,ofdm_dense_ls,three_view_complete,cir,20,white_awgn,T3,T3,1
smoke,sample_clock_20,ofdm_dense_ls,three_view_complete,toa,20,white_awgn,T3,T2,1
smoke,sample_clock_20,ofdm_dense_ls,three_view_complete,amplitude,20,white_awgn,T4,T4,1
smoke,sample_clock_20,ofdm_dense_ls,three_view_complete,amp_phase_joint_weighted,20,white_awgn,T4,T4,1
smoke,sample_clock_20,ofdm_dense_ls,three_view_complete,cir,20,white_awgn,T4,T4,1
smoke,sample_clock_20,ofdm_dense_ls,three_view_complete,toa,20,white_awgn,T4,T4,1
smoke,sample_clock_20,ofdm_dense_ls,three_view_complete,amplitude,20,white_awgn,T5,T5,1
smoke,sample_clock_20,ofdm_dense_ls,three_view_complete,amp_phase_joint_weighted,20,white_awgn,T5,T5,1
smoke,sample_clock_20,ofdm_dense_ls,three_view_complete,cir,20,white_awgn,T5,T5,1
smoke,sample_clock_20,ofdm_dense_ls,three_view_complete,toa,20,white_awgn,T5,T2,1
smoke,pilot_phase_rotation_20,ofdm_dense_ls,siso_forward,amplitude,20,white_awgn,T2,T2,1
smoke,pilot_phase_rotation_20,ofdm_dense_ls,siso_forward,amp_phase_joint_weighted,20,white_awgn,T2,T2,1
smoke,pilot_phase_rotation_20,ofdm_dense_ls,siso_forward,cir,20,white_awgn,T2,T2,1
smoke,pilot_phase_rotation_20,ofdm_dense_ls,siso_forward,toa,20,white_awgn,T2,T2,1
smoke,pilot_phase_rotation_20,ofdm_dense_ls,siso_forward,amplitude,20,white_awgn,T3,T3,1
smoke,pilot_phase_rotation_20,ofdm_dense_ls,siso_forward,amp_phase_joint_weighted,20,white_awgn,T3,T5,1
smoke,pilot_phase_rotation_20,ofdm_dense_ls,siso_forward,cir,20,white_awgn,T3,T3,1
smoke,pilot_phase_rotation_20,ofdm_dense_ls,siso_forward,toa,20,white_awgn,T3,T2,1
smoke,pilot_phase_rotation_20,ofdm_dense_ls,siso_forward,amplitude,20,white_awgn,T4,T4,1
smoke,pilot_phase_rotation_20,ofdm_dense_ls,siso_forward,amp_phase_joint_weighted,20,white_awgn,T4,T4,1
smoke,pilot_phase_rotation_20,ofdm_dense_ls,siso_forward,cir,20,white_awgn,T4,T4,1
smoke,pilot_phase_rotation_20,ofdm_dense_ls,siso_forward,toa,20,white_awgn,T4,T2,1
smoke,pilot_phase_rotation_20,ofdm_dense_ls,siso_forward,amplitude,20,white_awgn,T5,T3,1
smoke,pilot_phase_rotation_20,ofdm_dense_ls,siso_forward,amp_phase_joint_weighted,20,white_awgn,T5,T3,1
smoke,pilot_phase_rotation_20,ofdm_dense_ls,siso_forward,cir,20,white_awgn,T5,T5,1
smoke,pilot_phase_rotation_20,ofdm_dense_ls,siso_forward,toa,20,white_awgn,T5,T2,1
smoke,pilot_phase_rotation_20,ofdm_dense_ls,three_view_complete,amplitude,20,white_awgn,T2,T2,1
smoke,pilot_phase_rotation_20,ofdm_dense_ls,three_view_complete,amp_phase_joint_weighted,20,white_awgn,T2,T2,1
smoke,pilot_phase_rotation_20,ofdm_dense_ls,three_view_complete,cir,20,white_awgn,T2,T2,1
smoke,pilot_phase_rotation_20,ofdm_dense_ls,three_view_complete,toa,20,white_awgn,T2,T2,1
smoke,pilot_phase_rotation_20,ofdm_dense_ls,three_view_complete,amplitude,20,white_awgn,T3,T3,1
smoke,pilot_phase_rotation_20,ofdm_dense_ls,three_view_complete,amp_phase_joint_weighted,20,white_awgn,T3,T3,1
smoke,pilot_phase_rotation_20,ofdm_dense_ls,three_view_complete,cir,20,white_awgn,T3,T3,1
smoke,pilot_phase_rotation_20,ofdm_dense_ls,three_view_complete,toa,20,white_awgn,T3,T2,1
smoke,pilot_phase_rotation_20,ofdm_dense_ls,three_view_complete,amplitude,20,white_awgn,T4,T4,1
smoke,pilot_phase_rotation_20,ofdm_dense_ls,three_view_complete,amp_phase_joint_weighted,20,white_awgn,T4,T4,1
smoke,pilot_phase_rotation_20,ofdm_dense_ls,three_view_complete,cir,20,white_awgn,T4,T4,1
smoke,pilot_phase_rotation_20,ofdm_dense_ls,three_view_complete,toa,20,white_awgn,T4,T4,1
smoke,pilot_phase_rotation_20,ofdm_dense_ls,three_view_complete,amplitude,20,white_awgn,T5,T5,1
smoke,pilot_phase_rotation_20,ofdm_dense_ls,three_view_complete,amp_phase_joint_weighted,20,white_awgn,T5,T5,1
smoke,pilot_phase_rotation_20,ofdm_dense_ls,three_view_complete,cir,20,white_awgn,T5,T5,1
smoke,pilot_phase_rotation_20,ofdm_dense_ls,three_view_complete,toa,20,white_awgn,T5,T2,1
smoke,terminal_impedance_error_20,ofdm_dense_ls,siso_forward,amplitude,20,white_awgn,T2,T2,1
smoke,terminal_impedance_error_20,ofdm_dense_ls,siso_forward,amp_phase_joint_weighted,20,white_awgn,T2,T2,1
smoke,terminal_impedance_error_20,ofdm_dense_ls,siso_forward,cir,20,white_awgn,T2,T2,1
smoke,terminal_impedance_error_20,ofdm_dense_ls,siso_forward,toa,20,white_awgn,T2,T2,1
smoke,terminal_impedance_error_20,ofdm_dense_ls,siso_forward,amplitude,20,white_awgn,T3,T3,1
smoke,terminal_impedance_error_20,ofdm_dense_ls,siso_forward,amp_phase_joint_weighted,20,white_awgn,T3,T3,1
smoke,terminal_impedance_error_20,ofdm_dense_ls,siso_forward,cir,20,white_awgn,T3,T5,1
smoke,terminal_impedance_error_20,ofdm_dense_ls,siso_forward,toa,20,white_awgn,T3,T2,1
smoke,terminal_impedance_error_20,ofdm_dense_ls,siso_forward,amplitude,20,white_awgn,T4,T4,1
smoke,terminal_impedance_error_20,ofdm_dense_ls,siso_forward,amp_phase_joint_weighted,20,white_awgn,T4,T4,1
smoke,terminal_impedance_error_20,ofdm_dense_ls,siso_forward,cir,20,white_awgn,T4,T4,1
smoke,terminal_impedance_error_20,ofdm_dense_ls,siso_forward,toa,20,white_awgn,T4,T2,1
smoke,terminal_impedance_error_20,ofdm_dense_ls,siso_forward,amplitude,20,white_awgn,T5,T3,1
smoke,terminal_impedance_error_20,ofdm_dense_ls,siso_forward,amp_phase_joint_weighted,20,white_awgn,T5,T5,1
smoke,terminal_impedance_error_20,ofdm_dense_ls,siso_forward,cir,20,white_awgn,T5,T3,1
smoke,terminal_impedance_error_20,ofdm_dense_ls,siso_forward,toa,20,white_awgn,T5,T2,1
smoke,terminal_impedance_error_20,ofdm_dense_ls,three_view_complete,amplitude,20,white_awgn,T2,T2,1
smoke,terminal_impedance_error_20,ofdm_dense_ls,three_view_complete,amp_phase_joint_weighted,20,white_awgn,T2,T2,1
smoke,terminal_impedance_error_20,ofdm_dense_ls,three_view_complete,cir,20,white_awgn,T2,T2,1
smoke,terminal_impedance_error_20,ofdm_dense_ls,three_view_complete,toa,20,white_awgn,T2,T2,1
smoke,terminal_impedance_error_20,ofdm_dense_ls,three_view_complete,amplitude,20,white_awgn,T3,T3,1
smoke,terminal_impedance_error_20,ofdm_dense_ls,three_view_complete,amp_phase_joint_weighted,20,white_awgn,T3,T3,1
smoke,terminal_impedance_error_20,ofdm_dense_ls,three_view_complete,cir,20,white_awgn,T3,T3,1
smoke,terminal_impedance_error_20,ofdm_dense_ls,three_view_complete,toa,20,white_awgn,T3,T2,1
smoke,terminal_impedance_error_20,ofdm_dense_ls,three_view_complete,amplitude,20,white_awgn,T4,T4,1
smoke,terminal_impedance_error_20,ofdm_dense_ls,three_view_complete,amp_phase_joint_weighted,20,white_awgn,T4,T4,1
smoke,terminal_impedance_error_20,ofdm_dense_ls,three_view_complete,cir,20,white_awgn,T4,T4,1
smoke,terminal_impedance_error_20,ofdm_dense_ls,three_view_complete,toa,20,white_awgn,T4,T4,1
smoke,terminal_impedance_error_20,ofdm_dense_ls,three_view_complete,amplitude,20,white_awgn,T5,T5,1
smoke,terminal_impedance_error_20,ofdm_dense_ls,three_view_complete,amp_phase_joint_weighted,20,white_awgn,T5,T5,1
smoke,terminal_impedance_error_20,ofdm_dense_ls,three_view_complete,cir,20,white_awgn,T5,T5,1
smoke,terminal_impedance_error_20,ofdm_dense_ls,three_view_complete,toa,20,white_awgn,T5,T2,1
smoke,coupler_error_20,ofdm_dense_ls,siso_forward,amplitude,20,white_awgn,T2,T2,1
smoke,coupler_error_20,ofdm_dense_ls,siso_forward,amp_phase_joint_weighted,20,white_awgn,T2,T2,1
smoke,coupler_error_20,ofdm_dense_ls,siso_forward,cir,20,white_awgn,T2,T2,1
smoke,coupler_error_20,ofdm_dense_ls,siso_forward,toa,20,white_awgn,T2,T2,1
smoke,coupler_error_20,ofdm_dense_ls,siso_forward,amplitude,20,white_awgn,T3,T3,1
smoke,coupler_error_20,ofdm_dense_ls,siso_forward,amp_phase_joint_weighted,20,white_awgn,T3,T3,1
smoke,coupler_error_20,ofdm_dense_ls,siso_forward,cir,20,white_awgn,T3,T3,1
smoke,coupler_error_20,ofdm_dense_ls,siso_forward,toa,20,white_awgn,T3,T2,1
smoke,coupler_error_20,ofdm_dense_ls,siso_forward,amplitude,20,white_awgn,T4,T4,1
smoke,coupler_error_20,ofdm_dense_ls,siso_forward,amp_phase_joint_weighted,20,white_awgn,T4,T4,1
smoke,coupler_error_20,ofdm_dense_ls,siso_forward,cir,20,white_awgn,T4,T4,1
smoke,coupler_error_20,ofdm_dense_ls,siso_forward,toa,20,white_awgn,T4,T2,1
smoke,coupler_error_20,ofdm_dense_ls,siso_forward,amplitude,20,white_awgn,T5,T3,1
smoke,coupler_error_20,ofdm_dense_ls,siso_forward,amp_phase_joint_weighted,20,white_awgn,T5,T5,1
smoke,coupler_error_20,ofdm_dense_ls,siso_forward,cir,20,white_awgn,T5,T5,1
smoke,coupler_error_20,ofdm_dense_ls,siso_forward,toa,20,white_awgn,T5,T2,1
smoke,coupler_error_20,ofdm_dense_ls,three_view_complete,amplitude,20,white_awgn,T2,T2,1
smoke,coupler_error_20,ofdm_dense_ls,three_view_complete,amp_phase_joint_weighted,20,white_awgn,T2,T2,1
smoke,coupler_error_20,ofdm_dense_ls,three_view_complete,cir,20,white_awgn,T2,T2,1
smoke,coupler_error_20,ofdm_dense_ls,three_view_complete,toa,20,white_awgn,T2,T2,1
smoke,coupler_error_20,ofdm_dense_ls,three_view_complete,amplitude,20,white_awgn,T3,T3,1
smoke,coupler_error_20,ofdm_dense_ls,three_view_complete,amp_phase_joint_weighted,20,white_awgn,T3,T3,1
smoke,coupler_error_20,ofdm_dense_ls,three_view_complete,cir,20,white_awgn,T3,T3,1
smoke,coupler_error_20,ofdm_dense_ls,three_view_complete,toa,20,white_awgn,T3,T2,1
smoke,coupler_error_20,ofdm_dense_ls,three_view_complete,amplitude,20,white_awgn,T4,T4,1
smoke,coupler_error_20,ofdm_dense_ls,three_view_complete,amp_phase_joint_weighted,20,white_awgn,T4,T4,1
smoke,coupler_error_20,ofdm_dense_ls,three_view_complete,cir,20,white_awgn,T4,T4,1
smoke,coupler_error_20,ofdm_dense_ls,three_view_complete,toa,20,white_awgn,T4,T4,1
smoke,coupler_error_20,ofdm_dense_ls,three_view_complete,amplitude,20,white_awgn,T5,T5,1
smoke,coupler_error_20,ofdm_dense_ls,three_view_complete,amp_phase_joint_weighted,20,white_awgn,T5,T5,1
smoke,coupler_error_20,ofdm_dense_ls,three_view_complete,cir,20,white_awgn,T5,T5,1
smoke,coupler_error_20,ofdm_dense_ls,three_view_complete,toa,20,white_awgn,T5,T2,1
