sample_id,grid_id,decision,best_template_id,best_topology_id,best_equivalence_class,accepted_topology_set,baseline_P0_equivalence_class,baseline_P0_equivalence_class_size,prior_conditioned_equivalence_class,prior_conditioned_equivalence_class_size,best_parameter_values,best_distance,second_competing_class,second_distance,margin,candidate_count_before_prior,candidate_count_after_prior,parameter_template_count,composite_template_count,distance_evaluations,matching_time_s,cache_hit,residual_threshold,margin_threshold,configuration_hash
test_G001_01,A_stage4a1_quick61,reject_model_mismatch,G001_P137,G001,"{G001}","",{G001},1,"{G001}",1,main=1;branch=0.95;load=0.8;Zs=55;Zr=50,0.103989680583025,"{G002,G005}",0.148868282076936,0.0448786014939109,7,7,243,1701,1701,0.326538,1,0.0434390063322205,0.0665180564690625,3f0635f724644e37e6f359c231e744fcd3b5707f968998f7161e58c30031dae0
test_G002_01,A_stage4a1_quick61,equivalence_class,G005_P041,G005,"{G002,G005}","{G002,G005}",,0,"{G002,G005}",2,main=1;branch=1;load=1;Zs=50;Zr=45,0.0115731343296618,"{G006}",0.101674948113334,0.0901018137836724,7,7,243,1701,1701,0.317679,1,0.0434390063322205,0.0665180564690625,3f0635f724644e37e6f359c231e744fcd3b5707f968998f7161e58c30031dae0
test_G003_01,A_stage4a1_quick61,reject_model_mismatch,G003_P161,G003,"{G003}","",{G003},1,"{G003}",1,main=1;branch=1.05;load=1.2;Zs=55;Zr=50,0.101331135023932,"{G004,G007}",0.161254533053684,0.0599233980297517,7,7,243,1701,1701,0.303903,1,0.0434390063322205,0.0665180564690625,3f0635f724644e37e6f359c231e744fcd3b5707f968998f7161e58c30031dae0
test_G004_01,A_stage4a1_quick61,equivalence_class,G004_P187,G004,"{G004,G007}","{G004,G007}",,0,"{G004,G007}",2,main=0.95;branch=1.05;load=1.2;Zs=45;Zr=55,0.0141928608292019,"{G006}",0.0993701530847357,0.0851772922555338,7,7,243,1701,1701,0.302189,1,0.0434390063322205,0.0665180564690625,3f0635f724644e37e6f359c231e744fcd3b5707f968998f7161e58c30031dae0
test_G005_01,A_stage4a1_quick61,equivalence_class,G005_P178,G005,"{G002,G005}","{G002,G005}",,0,"{G002,G005}",2,main=0.95;branch=1.05;load=1;Zs=45;Zr=55,0.00750994427227804,"{G006}",0.148428301556377,0.140918357284099,7,7,243,1701,1701,0.316386,1,0.0434390063322205,0.0665180564690625,3f0635f724644e37e6f359c231e744fcd3b5707f968998f7161e58c30031dae0
test_G006_01,A_stage4a1_quick61,unique_topology,G006_P175,G006,"{G006}","G006",{G006},1,"{G006}",1,main=0.95;branch=1;load=1;Zs=45;Zr=55,0.0160094489188047,"{G004,G007}",0.0857651480024609,0.0697556990836561,7,7,243,1701,1701,0.363597,1,0.0434390063322205,0.0665180564690625,3f0635f724644e37e6f359c231e744fcd3b5707f968998f7161e58c30031dae0
test_G007_01,A_stage4a1_quick61,equivalence_class,G004_P227,G004,"{G004,G007}","{G004,G007}",,0,"{G004,G007}",2,main=1;branch=0.95;load=1;Zs=55;Zr=55,0.0147157267648231,"{G003}",0.107816949980473,0.0931012232156498,7,7,243,1701,1701,0.390082,1,0.0434390063322205,0.0665180564690625,3f0635f724644e37e6f359c231e744fcd3b5707f968998f7161e58c30031dae0
test_structure_out_01,A_stage4a1_quick61,reject_low_margin,G002_P019,G002,"{G002,G005}","",,0,"{G002,G005}",2,main=0.95;branch=0.95;load=1.2;Zs=45;Zr=45,0.0354105286034163,"{G006}",0.0959922823608337,0.0605817537574175,7,7,243,1701,1701,0.410976,1,0.0434390063322205,0.0665180564690625,3f0635f724644e37e6f359c231e744fcd3b5707f968998f7161e58c30031dae0
test_structure_out_02,A_stage4a1_quick61,reject_model_mismatch,G003_P101,G003,"{G003}","",{G003},1,"{G003}",1,main=1;branch=0.95;load=1.2;Zs=45;Zr=50,0.105218654029751,"{G004,G007}",0.142853447877539,0.037634793847788,7,7,243,1701,1701,0.340194,1,0.0434390063322205,0.0665180564690625,3f0635f724644e37e6f359c231e744fcd3b5707f968998f7161e58c30031dae0
test_parameter_out_01,A_stage4a1_quick61,reject_model_mismatch,G001_P057,G001,"{G001}","",{G001},1,"{G001}",1,main=1.05;branch=0.95;load=0.8;Zs=55;Zr=45,0.287507775263619,"{G002,G005}",0.343821620033913,0.0563138447702949,7,7,243,1701,1701,0.322206,1,0.0434390063322205,0.0665180564690625,3f0635f724644e37e6f359c231e744fcd3b5707f968998f7161e58c30031dae0
test_parameter_out_02,A_stage4a1_quick61,equivalence_class,G002_P057,G002,"{G002,G005}","{G002,G005}",,0,"{G002,G005}",2,main=1.05;branch=0.95;load=0.8;Zs=55;Zr=45,0.0359994446739684,"{G006}",0.102683198918574,0.0666837542446053,7,7,243,1701,1701,0.291875,1,0.0434390063322205,0.0665180564690625,3f0635f724644e37e6f359c231e744fcd3b5707f968998f7161e58c30031dae0
test_G001_01,A_stage4a1_quick61,reject_model_mismatch,G001_P137,G001,"{G001}","",{G001},1,"{G001}",1,main=1;branch=0.95;load=0.8;Zs=55;Zr=50,0.103989680583025,"{G005}",0.148868282076936,0.0448786014939109,4,4,243,972,972,0.201156,1,0.0434390063322205,0.0665180564690625,f4504f99e28f7d12fe5bf004e51465b284645f42f8a2c566899a698e7e03ab83
test_G002_01,A_stage4a1_quick61,unique_topology,G005_P041,G005,"{G005}","G005",,0,"{G005}",1,main=1;branch=1;load=1;Zs=50;Zr=45,0.0115731343296618,"{G001}",0.122241738057174,0.110668603727512,4,4,243,972,972,0.178855,1,0.0434390063322205,0.0665180564690625,f4504f99e28f7d12fe5bf004e51465b284645f42f8a2c566899a698e7e03ab83
test_G003_01,A_stage4a1_quick61,reject_model_mismatch,G003_P161,G003,"{G003}","",{G003},1,"{G003}",1,main=1;branch=1.05;load=1.2;Zs=55;Zr=50,0.101331135023932,"{G007}",0.161254533053684,0.0599233980297517,4,4,243,972,972,0.161118,1,0.0434390063322205,0.0665180564690625,f4504f99e28f7d12fe5bf004e51465b284645f42f8a2c566899a698e7e03ab83
test_G004_01,A_stage4a1_quick61,unique_topology,G007_P160,G007,"{G007}","G007",,0,"{G007}",1,main=0.95;branch=1.05;load=1.2;Zs=55;Zr=50,0.0157347598259245,"{G003}",0.144969861794564,0.129235101968639,4,4,243,972,972,0.171028,1,0.0434390063322205,0.0665180564690625,f4504f99e28f7d12fe5bf004e51465b284645f42f8a2c566899a698e7e03ab83
test_G005_01,A_stage4a1_quick61,unique_topology,G005_P178,G005,"{G005}","G005",,0,"{G005}",1,main=0.95;branch=1.05;load=1;Zs=45;Zr=55,0.00750994427227804,"{G001}",0.175521920210969,0.168011975938691,4,4,243,972,972,0.17384,1,0.0434390063322205,0.0665180564690625,f4504f99e28f7d12fe5bf004e51465b284645f42f8a2c566899a698e7e03ab83
test_G006_01,A_stage4a1_quick61,reject_model_mismatch,G007_P049,G007,"{G007}","",,0,"{G007}",1,main=0.95;branch=1;load=1.2;Zs=50;Zr=45,0.0863324737643992,"{G005}",0.152472615563358,0.0661401417989591,4,4,243,972,972,0.182258,1,0.0434390063322205,0.0665180564690625,f4504f99e28f7d12fe5bf004e51465b284645f42f8a2c566899a698e7e03ab83
test_G007_01,A_stage4a1_quick61,unique_topology,G007_P227,G007,"{G007}","G007",,0,"{G007}",1,main=1;branch=0.95;load=1;Zs=55;Zr=55,0.0147157267648231,"{G003}",0.107816949980473,0.0931012232156498,4,4,243,972,972,0.247943,1,0.0434390063322205,0.0665180564690625,f4504f99e28f7d12fe5bf004e51465b284645f42f8a2c566899a698e7e03ab83
test_structure_out_01,A_stage4a1_quick61,unique_topology,G005_P019,G005,"{G005}","G005",,0,"{G005}",1,main=0.95;branch=0.95;load=1.2;Zs=45;Zr=45,0.0354105286034164,"{G007}",0.164863582891463,0.129453054288047,4,4,243,972,972,0.251191,1,0.0434390063322205,0.0665180564690625,f4504f99e28f7d12fe5bf004e51465b284645f42f8a2c566899a698e7e03ab83
test_structure_out_02,A_stage4a1_quick61,reject_model_mismatch,G003_P101,G003,"{G003}","",{G003},1,"{G003}",1,main=1;branch=0.95;load=1.2;Zs=45;Zr=50,0.105218654029751,"{G007}",0.142853447877539,0.037634793847788,4,4,243,972,972,0.22777,1,0.0434390063322205,0.0665180564690625,f4504f99e28f7d12fe5bf004e51465b284645f42f8a2c566899a698e7e03ab83
test_parameter_out_01,A_stage4a1_quick61,reject_model_mismatch,G001_P057,G001,"{G001}","",{G001},1,"{G001}",1,main=1.05;branch=0.95;load=0.8;Zs=55;Zr=45,0.287507775263619,"{G005}",0.343821620033913,0.0563138447702949,4,4,243,972,972,0.213066,1,0.0434390063322205,0.0665180564690625,f4504f99e28f7d12fe5bf004e51465b284645f42f8a2c566899a698e7e03ab83
test_parameter_out_02,A_stage4a1_quick61,unique_topology,G005_P057,G005,"{G005}","G005",,0,"{G005}",1,main=1.05;branch=0.95;load=0.8;Zs=55;Zr=45,0.0360665350440033,"{G001}",0.142510031923635,0.106443496879631,4,4,243,972,972,0.170523,1,0.0434390063322205,0.0665180564690625,f4504f99e28f7d12fe5bf004e51465b284645f42f8a2c566899a698e7e03ab83
test_G001_01,A_stage4a1_quick61,reject_model_mismatch,G001_P137,G001,"{G001}","",{G001},1,"{G001}",1,main=1;branch=0.95;load=0.8;Zs=55;Zr=50,0.103989680583025,"{G002,G005}",0.148868282076936,0.0448786014939109,4,4,243,972,972,0.175493,1,0.0434390063322205,0.0665180564690625,596ac5ff578aebe6c6e25f19ce04fcd87749cfe35ec61e12d1152f684373fb2f
test_G002_01,A_stage4a1_quick61,equivalence_class,G005_P041,G005,"{G002,G005}","{G002,G005}",,0,"{G002,G005}",2,main=1;branch=1;load=1;Zs=50;Zr=45,0.0115731343296618,"{G006}",0.101674948113334,0.0901018137836724,4,4,243,972,972,0.16477,1,0.0434390063322205,0.0665180564690625,596ac5ff578aebe6c6e25f19ce04fcd87749cfe35ec61e12d1152f684373fb2f
test_G003_01,A_stage4a1_quick61,reject_model_mismatch,G001_P056,G001,"{G001}","",{G001},1,"{G001}",1,main=1;branch=0.95;load=0.8;Zs=55;Zr=45,0.221521971974122,"{G002,G005}",0.231239690244907,0.0097177182707853,4,4,243,972,972,0.16605,1,0.0434390063322205,0.0665180564690625,596ac5ff578aebe6c6e25f19ce04fcd87749cfe35ec61e12d1152f684373fb2f
test_G004_01,A_stage4a1_quick61,reject_model_mismatch,G006_P232,G006,"{G006}","",{G006},1,"{G006}",1,main=0.95;branch=1.05;load=1;Zs=55;Zr=55,0.0993701530847357,"{G002,G005}",0.182315439535335,0.0829452864505993,4,4,243,972,972,0.195984,1,0.0434390063322205,0.0665180564690625,596ac5ff578aebe6c6e25f19ce04fcd87749cfe35ec61e12d1152f684373fb2f
test_G005_01,A_stage4a1_quick61,equivalence_class,G005_P178,G005,"{G002,G005}","{G002,G005}",,0,"{G002,G005}",2,main=0.95;branch=1.05;load=1;Zs=45;Zr=55,0.00750994427227804,"{G006}",0.148428301556377,0.140918357284099,4,4,243,972,972,0.175632,1,0.0434390063322205,0.0665180564690625,596ac5ff578aebe6c6e25f19ce04fcd87749cfe35ec61e12d1152f684373fb2f
test_G006_01,A_stage4a1_quick61,unique_topology,G006_P175,G006,"{G006}","G006",{G006},1,"{G006}",1,main=0.95;branch=1;load=1;Zs=45;Zr=55,0.0160094489188047,"{G002,G005}",0.152472615563358,0.136463166644554,4,4,243,972,972,0.172285,1,0.0434390063322205,0.0665180564690625,596ac5ff578aebe6c6e25f19ce04fcd87749cfe35ec61e12d1152f684373fb2f
test_G007_01,A_stage4a1_quick61,reject_model_mismatch,G006_P221,G006,"{G006}","",{G006},1,"{G006}",1,main=1;branch=1;load=0.8;Zs=55;Zr=55,0.11099379701425,"{G002,G005}",0.187561190151213,0.0765673931369629,4,4,243,972,972,0.171431,1,0.0434390063322205,0.0665180564690625,596ac5ff578aebe6c6e25f19ce04fcd87749cfe35ec61e12d1152f684373fb2f
test_structure_out_01,A_stage4a1_quick61,reject_low_margin,G002_P019,G002,"{G002,G005}","",,0,"{G002,G005}",2,main=0.95;branch=0.95;load=1.2;Zs=45;Zr=45,0.0354105286034163,"{G006}",0.0959922823608337,0.0605817537574175,4,4,243,972,972,0.168898,1,0.0434390063322205,0.0665180564690625,596ac5ff578aebe6c6e25f19ce04fcd87749cfe35ec61e12d1152f684373fb2f
test_structure_out_02,A_stage4a1_quick61,reject_model_mismatch,G001_P002,G001,"{G001}","",{G001},1,"{G001}",1,main=1;branch=0.95;load=0.8;Zs=45;Zr=45,0.243443390006676,"{G006}",0.253854706437189,0.0104113164305135,4,4,243,972,972,0.182251,1,0.0434390063322205,0.0665180564690625,596ac5ff578aebe6c6e25f19ce04fcd87749cfe35ec61e12d1152f684373fb2f
test_parameter_out_01,A_stage4a1_quick61,reject_model_mismatch,G001_P057,G001,"{G001}","",{G001},1,"{G001}",1,main=1.05;branch=0.95;load=0.8;Zs=55;Zr=45,0.287507775263619,"{G002,G005}",0.343821620033913,0.0563138447702949,4,4,243,972,972,0.167135,1,0.0434390063322205,0.0665180564690625,596ac5ff578aebe6c6e25f19ce04fcd87749cfe35ec61e12d1152f684373fb2f
test_parameter_out_02,A_stage4a1_quick61,equivalence_class,G002_P057,G002,"{G002,G005}","{G002,G005}",,0,"{G002,G005}",2,main=1.05;branch=0.95;load=0.8;Zs=55;Zr=45,0.0359994446739684,"{G006}",0.102683198918574,0.0666837542446053,4,4,243,972,972,0.179565,1,0.0434390063322205,0.0665180564690625,596ac5ff578aebe6c6e25f19ce04fcd87749cfe35ec61e12d1152f684373fb2f
test_G001_01,B_ofdm_active_subcarriers,reject_model_mismatch,G001_P083,G001,"{G001}","",{G001},1,"{G001}",1,main=1;branch=0.95;load=0.8;Zs=45;Zr=50,0.0198485354536822,"{G002,G005}",0.0613362319621944,0.0414876965085122,7,7,243,1701,1701,0.316894,1,0.0110153779102719,0.0435329461279149,f755618f214ade036f16b616dc8412ec49d122d8be76256dc4ab6aceb879199a
test_G002_01,B_ofdm_active_subcarriers,equivalence_class,G005_P053,G005,"{G002,G005}","{G002,G005}",,0,"{G002,G005}",2,main=1;branch=1.05;load=1.2;Zs=50;Zr=45,0.00181128997880795,"{G001}",0.0770760599697944,0.0752647699909865,7,7,243,1701,1701,0.322086,1,0.0110153779102719,0.0435329461279149,f755618f214ade036f16b616dc8412ec49d122d8be76256dc4ab6aceb879199a
test_G003_01,B_ofdm_active_subcarriers,unique_topology,G003_P188,G003,"{G003}","G003",{G003},1,"{G003}",1,main=1;branch=1.05;load=1.2;Zs=45;Zr=55,0.00483455005676789,"{G006}",0.0702711562379289,0.065436606181161,7,7,243,1701,1701,0.324777,1,0.0110153779102719,0.0435329461279149,f755618f214ade036f16b616dc8412ec49d122d8be76256dc4ab6aceb879199a
test_G004_01,B_ofdm_active_subcarriers,reject_low_margin,G007_P238,G007,"{G004,G007}","",,0,"{G004,G007}",2,main=0.95;branch=1;load=1.2;Zs=55;Zr=55,0.00233484873910887,"{G006}",0.0163547862599005,0.0140199375207916,7,7,243,1701,1701,0.374227,1,0.0110153779102719,0.0435329461279149,f755618f214ade036f16b616dc8412ec49d122d8be76256dc4ab6aceb879199a
test_G005_01,B_ofdm_active_subcarriers,equivalence_class,G005_P151,G005,"{G002,G005}","{G002,G005}",,0,"{G002,G005}",2,main=0.95;branch=1.05;load=1;Zs=55;Zr=50,0.00183261087822819,"{G003}",0.116628209572169,0.114795598693941,7,7,243,1701,1701,0.397244,1,0.0110153779102719,0.0435329461279149,f755618f214ade036f16b616dc8412ec49d122d8be76256dc4ab6aceb879199a
test_G006_01,B_ofdm_active_subcarriers,reject_low_margin,G006_P202,G006,"{G006}","",{G006},1,"{G006}",1,main=0.95;branch=1;load=1;Zs=50;Zr=55,0.00694751615968083,"{G004,G007}",0.0203791937738529,0.013431677614172,7,7,243,1701,1701,0.416001,1,0.0110153779102719,0.0435329461279149,f755618f214ade036f16b616dc8412ec49d122d8be76256dc4ab6aceb879199a
test_G007_01,B_ofdm_active_subcarriers,reject_low_margin,G004_P008,G004,"{G004,G007}","",,0,"{G004,G007}",2,main=1;branch=1.05;load=0.8;Zs=45;Zr=45,0.00402860637032571,"{G006}",0.016729789133702,0.0127011827633763,7,7,243,1701,1701,0.2852,1,0.0110153779102719,0.0435329461279149,f755618f214ade036f16b616dc8412ec49d122d8be76256dc4ab6aceb879199a
test_structure_out_01,B_ofdm_active_subcarriers,reject_model_mismatch,G002_P019,G002,"{G002,G005}","",,0,"{G002,G005}",2,main=0.95;branch=0.95;load=1.2;Zs=45;Zr=45,0.0321043834342373,"{G006}",0.059631389433411,0.0275270059991737,7,7,243,1701,1701,0.289051,1,0.0110153779102719,0.0435329461279149,f755618f214ade036f16b616dc8412ec49d122d8be76256dc4ab6aceb879199a
test_structure_out_02,B_ofdm_active_subcarriers,reject_low_margin,G007_P143,G007,"{G004,G007}","",,0,"{G004,G007}",2,main=1;branch=1.05;load=0.8;Zs=55;Zr=50,0.00452388608256178,"{G006}",0.00998679035917674,0.00546290427661497,7,7,243,1701,1701,0.310568,1,0.0110153779102719,0.0435329461279149,f755618f214ade036f16b616dc8412ec49d122d8be76256dc4ab6aceb879199a
test_parameter_out_01,B_ofdm_active_subcarriers,reject_model_mismatch,G001_P084,G001,"{G001}","",{G001},1,"{G001}",1,main=1.05;branch=0.95;load=0.8;Zs=45;Zr=50,0.0471690858963151,"{G002,G005}",0.09449947609731,0.0473303902009949,7,7,243,1701,1701,0.287553,1,0.0110153779102719,0.0435329461279149,f755618f214ade036f16b616dc8412ec49d122d8be76256dc4ab6aceb879199a
test_parameter_out_02,B_ofdm_active_subcarriers,equivalence_class,G005_P084,G005,"{G002,G005}","{G002,G005}",,0,"{G002,G005}",2,main=1.05;branch=0.95;load=0.8;Zs=45;Zr=50,0.00255218306217075,"{G001}",0.0623567980588153,0.0598046149966445,7,7,243,1701,1701,0.292444,1,0.0110153779102719,0.0435329461279149,f755618f214ade036f16b616dc8412ec49d122d8be76256dc4ab6aceb879199a
test_G001_01,B_ofdm_active_subcarriers,reject_model_mismatch,G001_P083,G001,"{G001}","",{G001},1,"{G001}",1,main=1;branch=0.95;load=0.8;Zs=45;Zr=50,0.0198485354536822,"{G005}",0.0613362319621944,0.0414876965085122,4,4,243,972,972,0.159963,1,0.0110153779102719,0.0435329461279149,e7c3871b86971ed633896bf88f123a263aa41f6dba38529841747371ba7cf5cd
test_G002_01,B_ofdm_active_subcarriers,unique_topology,G005_P053,G005,"{G005}","G005",,0,"{G005}",1,main=1;branch=1.05;load=1.2;Zs=50;Zr=45,0.00181128997880795,"{G001}",0.0770760599697944,0.0752647699909865,4,4,243,972,972,0.152224,1,0.0110153779102719,0.0435329461279149,e7c3871b86971ed633896bf88f123a263aa41f6dba38529841747371ba7cf5cd
test_G003_01,B_ofdm_active_subcarriers,unique_topology,G003_P188,G003,"{G003}","G003",{G003},1,"{G003}",1,main=1;branch=1.05;load=1.2;Zs=45;Zr=55,0.00483455005676789,"{G007}",0.170296060805587,0.165461510748819,4,4,243,972,972,0.162515,1,0.0110153779102719,0.0435329461279149,e7c3871b86971ed633896bf88f123a263aa41f6dba38529841747371ba7cf5cd
test_G004_01,B_ofdm_active_subcarriers,unique_topology,G007_P238,G007,"{G007}","G007",,0,"{G007}",1,main=0.95;branch=1;load=1.2;Zs=55;Zr=55,0.00233484873910887,"{G003}",0.128943547976948,0.126608699237839,4,4,243,972,972,0.168087,1,0.0110153779102719,0.0435329461279149,e7c3871b86971ed633896bf88f123a263aa41f6dba38529841747371ba7cf5cd
test_G005_01,B_ofdm_active_subcarriers,unique_topology,G005_P151,G005,"{G005}","G005",,0,"{G005}",1,main=0.95;branch=1.05;load=1;Zs=55;Zr=50,0.00183261087822819,"{G003}",0.116628209572169,0.114795598693941,4,4,243,972,972,0.152519,1,0.0110153779102719,0.0435329461279149,e7c3871b86971ed633896bf88f123a263aa41f6dba38529841747371ba7cf5cd
test_G006_01,B_ofdm_active_subcarriers,reject_model_mismatch,G007_P222,G007,"{G007}","",,0,"{G007}",1,main=1.05;branch=1;load=0.8;Zs=55;Zr=55,0.0203791937738529,"{G003}",0.0343162619790984,0.0139370682052455,4,4,243,972,972,0.223935,1,0.0110153779102719,0.0435329461279149,e7c3871b86971ed633896bf88f123a263aa41f6dba38529841747371ba7cf5cd
test_G007_01,B_ofdm_active_subcarriers,unique_topology,G007_P008,G007,"{G007}","G007",,0,"{G007}",1,main=1;branch=1.05;load=0.8;Zs=45;Zr=45,0.00402860637032577,"{G003}",0.116564671340069,0.112536064969744,4,4,243,972,972,0.198493,1,0.0110153779102719,0.0435329461279149,e7c3871b86971ed633896bf88f123a263aa41f6dba38529841747371ba7cf5cd
test_structure_out_01,B_ofdm_active_subcarriers,reject_model_mismatch,G005_P019,G005,"{G005}","",,0,"{G005}",1,main=0.95;branch=0.95;load=1.2;Zs=45;Zr=45,0.0321043834342374,"{G003}",0.0804599781686816,0.0483555947344442,4,4,243,972,972,0.196914,1,0.0110153779102719,0.0435329461279149,e7c3871b86971ed633896bf88f123a263aa41f6dba38529841747371ba7cf5cd
test_structure_out_02,B_ofdm_active_subcarriers,unique_topology,G007_P143,G007,"{G007}","G007",,0,"{G007}",1,main=1;branch=1.05;load=0.8;Zs=55;Zr=50,0.00452388608256178,"{G003}",0.0841312114771594,0.0796073253945976,4,4,243,972,972,0.239383,1,0.0110153779102719,0.0435329461279149,e7c3871b86971ed633896bf88f123a263aa41f6dba38529841747371ba7cf5cd
test_parameter_out_01,B_ofdm_active_subcarriers,reject_model_mismatch,G001_P084,G001,"{G001}","",{G001},1,"{G001}",1,main=1.05;branch=0.95;load=0.8;Zs=45;Zr=50,0.0471690858963151,"{G005}",0.0998276426138574,0.0526585567175423,4,4,243,972,972,0.222412,1,0.0110153779102719,0.0435329461279149,e7c3871b86971ed633896bf88f123a263aa41f6dba38529841747371ba7cf5cd
test_parameter_out_02,B_ofdm_active_subcarriers,unique_topology,G005_P084,G005,"{G005}","G005",,0,"{G005}",1,main=1.05;branch=0.95;load=0.8;Zs=45;Zr=50,0.00255218306217075,"{G001}",0.0623567980588153,0.0598046149966445,4,4,243,972,972,0.173747,1,0.0110153779102719,0.0435329461279149,e7c3871b86971ed633896bf88f123a263aa41f6dba38529841747371ba7cf5cd
test_G001_01,B_ofdm_active_subcarriers,reject_model_mismatch,G001_P083,G001,"{G001}","",{G001},1,"{G001}",1,main=1;branch=0.95;load=0.8;Zs=45;Zr=50,0.0198485354536822,"{G002,G005}",0.0613362319621944,0.0414876965085122,4,4,243,972,972,0.16629,1,0.0110153779102719,0.0435329461279149,251a9f9d6f0c8d00352ddcf857ca04cc34b2fbca5d92db63dabbdc27898e74a6
test_G002_01,B_ofdm_active_subcarriers,equivalence_class,G005_P053,G005,"{G002,G005}","{G002,G005}",,0,"{G002,G005}",2,main=1;branch=1.05;load=1.2;Zs=50;Zr=45,0.00181128997880795,"{G001}",0.0770760599697944,0.0752647699909865,4,4,243,972,972,0.159785,1,0.0110153779102719,0.0435329461279149,251a9f9d6f0c8d00352ddcf857ca04cc34b2fbca5d92db63dabbdc27898e74a6
test_G003_01,B_ofdm_active_subcarriers,reject_model_mismatch,G006_P224,G006,"{G006}","",{G006},1,"{G006}",1,main=1;branch=1.05;load=0.8;Zs=55;Zr=55,0.0702711562379289,"{G002,G005}",0.200836588036101,0.130565431798172,4,4,243,972,972,0.161144,1,0.0110153779102719,0.0435329461279149,251a9f9d6f0c8d00352ddcf857ca04cc34b2fbca5d92db63dabbdc27898e74a6
test_G004_01,B_ofdm_active_subcarriers,reject_model_mismatch,G006_P010,G006,"{G006}","",{G006},1,"{G006}",1,main=0.95;branch=0.95;load=1;Zs=45;Zr=45,0.0163547862599005,"{G002,G005}",0.332923359303824,0.316568573043924,4,4,243,972,972,0.171826,1,0.0110153779102719,0.0435329461279149,251a9f9d6f0c8d00352ddcf857ca04cc34b2fbca5d92db63dabbdc27898e74a6
test_G005_01,B_ofdm_active_subcarriers,equivalence_class,G005_P151,G005,"{G002,G005}","{G002,G005}",,0,"{G002,G005}",2,main=0.95;branch=1.05;load=1;Zs=55;Zr=50,0.00183261087822819,"{G006}",0.138065898274593,0.136233287396364,4,4,243,972,972,0.150417,1,0.0110153779102719,0.0435329461279149,251a9f9d6f0c8d00352ddcf857ca04cc34b2fbca5d92db63dabbdc27898e74a6
test_G006_01,B_ofdm_active_subcarriers,unique_topology,G006_P202,G006,"{G006}","G006",{G006},1,"{G006}",1,main=0.95;branch=1;load=1;Zs=50;Zr=55,0.00694751615968083,"{G002,G005}",0.316425958331792,0.309478442172111,4,4,243,972,972,0.157167,1,0.0110153779102719,0.0435329461279149,251a9f9d6f0c8d00352ddcf857ca04cc34b2fbca5d92db63dabbdc27898e74a6
test_G007_01,B_ofdm_active_subcarriers,reject_model_mismatch,G006_P037,G006,"{G006}","",{G006},1,"{G006}",1,main=0.95;branch=0.95;load=1;Zs=50;Zr=45,0.016729789133702,"{G002,G005}",0.34498047263384,0.328250683500138,4,4,243,972,972,0.155684,1,0.0110153779102719,0.0435329461279149,251a9f9d6f0c8d00352ddcf857ca04cc34b2fbca5d92db63dabbdc27898e74a6
test_structure_out_01,B_ofdm_active_subcarriers,reject_model_mismatch,G002_P019,G002,"{G002,G005}","",,0,"{G002,G005}",2,main=0.95;branch=0.95;load=1.2;Zs=45;Zr=45,0.0321043834342373,"{G006}",0.059631389433411,0.0275270059991737,4,4,243,972,972,0.158554,1,0.0110153779102719,0.0435329461279149,251a9f9d6f0c8d00352ddcf857ca04cc34b2fbca5d92db63dabbdc27898e74a6
test_structure_out_02,B_ofdm_active_subcarriers,unique_topology,G006_P004,G006,"{G006}","G006",{G006},1,"{G006}",1,main=0.95;branch=1;load=0.8;Zs=45;Zr=45,0.00998679035917674,"{G002,G005}",0.346414071533617,0.336427281174441,4,4,243,972,972,0.167841,1,0.0110153779102719,0.0435329461279149,251a9f9d6f0c8d00352ddcf857ca04cc34b2fbca5d92db63dabbdc27898e74a6
test_parameter_out_01,B_ofdm_active_subcarriers,reject_model_mismatch,G001_P084,G001,"{G001}","",{G001},1,"{G001}",1,main=1.05;branch=0.95;load=0.8;Zs=45;Zr=50,0.0471690858963151,"{G002,G005}",0.09449947609731,0.0473303902009949,4,4,243,972,972,0.187043,1,0.0110153779102719,0.0435329461279149,251a9f9d6f0c8d00352ddcf857ca04cc34b2fbca5d92db63dabbdc27898e74a6
test_parameter_out_02,B_ofdm_active_subcarriers,equivalence_class,G005_P084,G005,"{G002,G005}","{G002,G005}",,0,"{G002,G005}",2,main=1.05;branch=0.95;load=0.8;Zs=45;Zr=50,0.00255218306217075,"{G001}",0.0623567980588153,0.0598046149966445,4,4,243,972,972,0.162384,1,0.0110153779102719,0.0435329461279149,251a9f9d6f0c8d00352ddcf857ca04cc34b2fbca5d92db63dabbdc27898e74a6
