sample_id,replicate_id,grid_id,topology_id,parameter_names,sensitivity_norms,singular_values,condition_number,effective_rank,low_sensitivity,experiment_scientific_hash
final01_test_in_01,final01,A_stage4a1_quick61,G001,"main_length_scale,branch_length_scale,branch_load_scale,source_impedance_ohm,receiver_impedance_ohm",[9.5588958 0 0 0.19505661 0.48180237],[9.558897 0.51832808 0.038630867 6.3064008e-18 6.9174096e-19],Inf,3,[false true true true false],2b57ad667460add303b33479b5da8e8e496a2d188b509d1fcaa9a88f01c73cda
final01_test_in_02,final01,A_stage4a1_quick61,G002,"main_length_scale,branch_length_scale,branch_load_scale,source_impedance_ohm,receiver_impedance_ohm",[7.596265 1.0587147 0.183596 0.1557433 0.34791669],[7.6058111 0.98810268 0.389187 0.15904317 0.040709753],186.830195342521,5,[false false true true true],2b57ad667460add303b33479b5da8e8e496a2d188b509d1fcaa9a88f01c73cda
final01_test_in_02,final01,A_stage4a1_quick61,G005,"main_length_scale,branch_length_scale,branch_load_scale,source_impedance_ohm,receiver_impedance_ohm",[7.5964078 1.0614635 0.18400602 0.15700296 0.34685259],[7.605961 0.99099994 0.38890798 0.15910853 0.040531554],187.65530051289,5,[false false true true true],2b57ad667460add303b33479b5da8e8e496a2d188b509d1fcaa9a88f01c73cda
final01_test_in_03,final01,A_stage4a1_quick61,G003,"main_length_scale,branch_length_scale,branch_load_scale,source_impedance_ohm,receiver_impedance_ohm",[8.0450316 1.0989673 0.20307702 0.1589866 0.36550814],[8.0586705 0.99412472 0.40929855 0.17767174 0.028799676],279.818093730643,5,[false false true true true],2b57ad667460add303b33479b5da8e8e496a2d188b509d1fcaa9a88f01c73cda
final01_test_in_04,final01,A_stage4a1_quick61,G004,"main_length_scale,branch_length_scale,branch_load_scale,source_impedance_ohm,receiver_impedance_ohm",[5.9151681 1.1361817 0.20075598 0.10774509 0.29569267],[5.9578764 0.88542642 0.34473853 0.14072368 0.023461009],253.948003892021,5,[false false true true true],2b57ad667460add303b33479b5da8e8e496a2d188b509d1fcaa9a88f01c73cda
final01_test_in_04,final01,A_stage4a1_quick61,G007,"main_length_scale,branch_length_scale,branch_load_scale,source_impedance_ohm,receiver_impedance_ohm",[5.9053809 1.1342857 0.20067558 0.10542654 0.29895322],[5.9479091 0.88469065 0.34629377 0.14089218 0.028564891],208.224462905749,5,[false false true true false],2b57ad667460add303b33479b5da8e8e496a2d188b509d1fcaa9a88f01c73cda
final01_test_in_05,final01,A_stage4a1_quick61,G002,"main_length_scale,branch_length_scale,branch_load_scale,source_impedance_ohm,receiver_impedance_ohm",[6.5540821 0.84593436 0.14895574 0.13467287 0.35738656],[6.561834 0.78354886 0.38648107 0.13308541 0.030892652],212.407598265028,5,[false false true true false],2b57ad667460add303b33479b5da8e8e496a2d188b509d1fcaa9a88f01c73cda
final01_test_in_05,final01,A_stage4a1_quick61,G005,"main_length_scale,branch_length_scale,branch_load_scale,source_impedance_ohm,receiver_impedance_ohm",[6.5529869 0.88498514 0.15449591 0.13352873 0.36429577],[6.5621802 0.81402869 0.39295484 0.1368307 0.035472815],184.991809642384,5,[false false true true false],2b57ad667460add303b33479b5da8e8e496a2d188b509d1fcaa9a88f01c73cda
final01_test_in_06,final01,A_stage4a1_quick61,G006,"main_length_scale,branch_length_scale,branch_load_scale,source_impedance_ohm,receiver_impedance_ohm",[6.376532 1.3991803 0.24745369 0.10321198 0.32498893],[6.4503059 1.0058042 0.38423715 0.17078517 0.021816377],295.663474272782,5,[false false true true false],2b57ad667460add303b33479b5da8e8e496a2d188b509d1fcaa9a88f01c73cda
final01_test_in_07,final01,A_stage4a1_quick61,G004,"main_length_scale,branch_length_scale,branch_load_scale,source_impedance_ohm,receiver_impedance_ohm",[5.8330825 1.1680843 0.21202705 0.11530514 0.2801183],[5.8658719 0.99037804 0.33875223 0.14636992 0.022605429],259.489521593241,5,[false false true true true],2b57ad667460add303b33479b5da8e8e496a2d188b509d1fcaa9a88f01c73cda
final01_test_in_07,final01,A_stage4a1_quick61,G007,"main_length_scale,branch_length_scale,branch_load_scale,source_impedance_ohm,receiver_impedance_ohm",[5.8336853 1.1681995 0.21204396 0.11268617 0.28393713],[5.8664704 0.99052205 0.34056428 0.14646284 0.028489013],205.920449875476,5,[false false true true true],2b57ad667460add303b33479b5da8e8e496a2d188b509d1fcaa9a88f01c73cda
final01_test_out_main_length_scale_near,final01,A_stage4a1_quick61,G001,"main_length_scale,branch_length_scale,branch_load_scale,source_impedance_ohm,receiver_impedance_ohm",[9.3478282 0 0 0.182761 0.48659264],[9.3478283 0.51811211 0.041626752 5.6222873e-18 6.8070082e-19],Inf,3,[false true true true false],2b57ad667460add303b33479b5da8e8e496a2d188b509d1fcaa9a88f01c73cda
final01_test_out_branch_length_scale_medium,final01,A_stage4a1_quick61,G002,"main_length_scale,branch_length_scale,branch_load_scale,source_impedance_ohm,receiver_impedance_ohm",[6.6925432 0.94286523 0.16477122 0.14725559 0.34512285],[6.7004228 0.8852002 0.38166873 0.14395199 0.037865419],176.953616495438,5,[false false true true false],2b57ad667460add303b33479b5da8e8e496a2d188b509d1fcaa9a88f01c73cda
final01_test_out_branch_length_scale_medium,final01,A_stage4a1_quick61,G005,"main_length_scale,branch_length_scale,branch_load_scale,source_impedance_ohm,receiver_impedance_ohm",[6.7068935 0.94805528 0.16572422 0.14873545 0.34394114],[6.7148079 0.89032483 0.38131684 0.1446257 0.038325713],175.203732157524,5,[false false true true false],2b57ad667460add303b33479b5da8e8e496a2d188b509d1fcaa9a88f01c73cda
final01_test_out_branch_load_scale_far,final01,A_stage4a1_quick61,G003,"main_length_scale,branch_length_scale,branch_load_scale,source_impedance_ohm,receiver_impedance_ohm",[8.1231665 1.1620861 0.21527915 0.15009845 0.38800683],[8.1399108 1.0383424 0.4281412 0.18750472 0.030597975],266.027764778373,5,[false false true true true],2b57ad667460add303b33479b5da8e8e496a2d188b509d1fcaa9a88f01c73cda
final01_test_out_source_impedance_ohm_near,final01,A_stage4a1_quick61,G004,"main_length_scale,branch_length_scale,branch_load_scale,source_impedance_ohm,receiver_impedance_ohm",[5.8572595 1.3074094 0.2299327 0.1083719 0.31655375],[5.9085826 1.0514821 0.37471715 0.15366955 0.025261492],233.896817306786,5,[false false true true false],2b57ad667460add303b33479b5da8e8e496a2d188b509d1fcaa9a88f01c73cda
final01_test_out_source_impedance_ohm_near,final01,A_stage4a1_quick61,G007,"main_length_scale,branch_length_scale,branch_load_scale,source_impedance_ohm,receiver_impedance_ohm",[5.8780647 1.3226617 0.23279492 0.10689372 0.32226173],[5.9321585 1.0539128 0.37994532 0.15483535 0.031322383],189.390394595045,5,[false false true true false],2b57ad667460add303b33479b5da8e8e496a2d188b509d1fcaa9a88f01c73cda
final01_test_out_receiver_impedance_ohm_medium,final01,A_stage4a1_quick61,G002,"main_length_scale,branch_length_scale,branch_load_scale,source_impedance_ohm,receiver_impedance_ohm",[8.0063038 1.251726 0.21243774 0.18087048 0.32565642],[8.0272634 1.1094405 0.38668282 0.18107527 0.038560937],208.170861819408,5,[false false true true true],2b57ad667460add303b33479b5da8e8e496a2d188b509d1fcaa9a88f01c73cda
final01_test_out_receiver_impedance_ohm_medium,final01,A_stage4a1_quick61,G005,"main_length_scale,branch_length_scale,branch_load_scale,source_impedance_ohm,receiver_impedance_ohm",[7.7791523 1.1766695 0.20213179 0.18098636 0.31712965],[7.7966317 1.0546983 0.37723475 0.17342645 0.041347042],188.565644468813,5,[false false true true true],2b57ad667460add303b33479b5da8e8e496a2d188b509d1fcaa9a88f01c73cda
final01_test_out_joint_parameter_set_far,final01,A_stage4a1_quick61,G004,"main_length_scale,branch_length_scale,branch_load_scale,source_impedance_ohm,receiver_impedance_ohm",[4.4783144 0.81587448 0.1515673 0.095226305 0.26828095],[4.4951807 0.71759223 0.29995837 0.11382595 0.021135653],212.682368442877,5,[false false true true false],2b57ad667460add303b33479b5da8e8e496a2d188b509d1fcaa9a88f01c73cda
final01_test_out_joint_parameter_set_far,final01,A_stage4a1_quick61,G007,"main_length_scale,branch_length_scale,branch_load_scale,source_impedance_ohm,receiver_impedance_ohm",[4.4783384 0.81587741 0.15156771 0.092369691 0.27204051],[4.4952049 0.71759912 0.30219644 0.11366213 0.02499078],179.874535118868,5,[false false true true false],2b57ad667460add303b33479b5da8e8e496a2d188b509d1fcaa9a88f01c73cda
final02_test_in_01,final02,A_stage4a1_quick61,G001,"main_length_scale,branch_length_scale,branch_load_scale,source_impedance_ohm,receiver_impedance_ohm",[10.285988 0 0 0.21349424 0.4685827],[10.28599 0.51356982 0.036750821 4.6466957e-18 3.0568477e-19],Inf,3,[false true true true true],2b57ad667460add303b33479b5da8e8e496a2d188b509d1fcaa9a88f01c73cda
final02_test_in_02,final02,A_stage4a1_quick61,G002,"main_length_scale,branch_length_scale,branch_load_scale,source_impedance_ohm,receiver_impedance_ohm",[7.243892 0.95720201 0.16861182 0.14828896 0.35327095],[7.2581058 0.84286186 0.39014217 0.14541723 0.039420915],184.118147945173,5,[false false true true true],2b57ad667460add303b33479b5da8e8e496a2d188b509d1fcaa9a88f01c73cda
final02_test_in_02,final02,A_stage4a1_quick61,G005,"main_length_scale,branch_length_scale,branch_load_scale,source_impedance_ohm,receiver_impedance_ohm",[7.2483506 0.95965278 0.16882172 0.14857376 0.35294332],[7.2627214 0.84421612 0.39021822 0.14536152 0.037959774],191.326781863654,5,[false false true true true],2b57ad667460add303b33479b5da8e8e496a2d188b509d1fcaa9a88f01c73cda
final02_test_in_03,final02,A_stage4a1_quick61,G003,"main_length_scale,branch_length_scale,branch_load_scale,source_impedance_ohm,receiver_impedance_ohm",[7.8807367 0.96522691 0.1773847 0.14885268 0.36476002],[7.8901266 0.88528051 0.40134973 0.15664127 0.03012859],261.881705577287,5,[false false true true true],2b57ad667460add303b33479b5da8e8e496a2d188b509d1fcaa9a88f01c73cda
final02_test_in_04,final02,A_stage4a1_quick61,G004,"main_length_scale,branch_length_scale,branch_load_scale,source_impedance_ohm,receiver_impedance_ohm",[5.778024 1.1891956 0.21343833 0.11907799 0.27672097],[5.8131038 1.0040583 0.3374823 0.14584245 0.024180291],240.406693558737,5,[false false true true true],2b57ad667460add303b33479b5da8e8e496a2d188b509d1fcaa9a88f01c73cda
final02_test_in_04,final02,A_stage4a1_quick61,G007,"main_length_scale,branch_length_scale,branch_load_scale,source_impedance_ohm,receiver_impedance_ohm",[5.7876649 1.192119 0.21379118 0.11665958 0.28024613],[5.8227256 1.0073032 0.33912219 0.14635172 0.029182237],199.529790465449,5,[false false true true true],2b57ad667460add303b33479b5da8e8e496a2d188b509d1fcaa9a88f01c73cda
final02_test_in_05,final02,A_stage4a1_quick61,G002,"main_length_scale,branch_length_scale,branch_load_scale,source_impedance_ohm,receiver_impedance_ohm",[7.352167 0.96820814 0.17006705 0.1457663 0.35954817],[7.3669962 0.84807371 0.39532058 0.14691674 0.038832729],189.711008757949,5,[false false true true true],2b57ad667460add303b33479b5da8e8e496a2d188b509d1fcaa9a88f01c73cda
final02_test_in_05,final02,A_stage4a1_quick61,G005,"main_length_scale,branch_length_scale,branch_load_scale,source_impedance_ohm,receiver_impedance_ohm",[7.3521301 0.96819792 0.17006564 0.14559621 0.35981645],[7.3669593 0.84806873 0.39570218 0.14661059 0.037791196],194.938503586536,5,[false false true true true],2b57ad667460add303b33479b5da8e8e496a2d188b509d1fcaa9a88f01c73cda
final02_test_in_06,final02,A_stage4a1_quick61,G006,"main_length_scale,branch_length_scale,branch_load_scale,source_impedance_ohm,receiver_impedance_ohm",[6.1091746 1.2089448 0.21463908 0.11189799 0.28092981],[6.1495534 0.98336146 0.33693785 0.1519984 0.020904761],294.169986555509,5,[false false true true true],2b57ad667460add303b33479b5da8e8e496a2d188b509d1fcaa9a88f01c73cda
final02_test_in_07,final02,A_stage4a1_quick61,G004,"main_length_scale,branch_length_scale,branch_load_scale,source_impedance_ohm,receiver_impedance_ohm",[5.5893507 1.283693 0.23049476 0.11479545 0.30333052],[5.6376384 1.0515517 0.36547102 0.15536967 0.024224017],232.729293252514,5,[false false true true false],2b57ad667460add303b33479b5da8e8e496a2d188b509d1fcaa9a88f01c73cda
final02_test_in_07,final02,A_stage4a1_quick61,G007,"main_length_scale,branch_length_scale,branch_load_scale,source_impedance_ohm,receiver_impedance_ohm",[5.5790308 1.2896671 0.23157595 0.11185971 0.30970823],[5.6287744 1.051544 0.3699727 0.15584376 0.02952777],190.626463692885,5,[false false true true false],2b57ad667460add303b33479b5da8e8e496a2d188b509d1fcaa9a88f01c73cda
final02_test_out_main_length_scale_medium,final02,A_stage4a1_quick61,G004,"main_length_scale,branch_length_scale,branch_load_scale,source_impedance_ohm,receiver_impedance_ohm",[6.5514961 1.2258363 0.22270075 0.11591958 0.26643501],[6.5854358 1.0280197 0.33244068 0.15145679 0.023469395],280.59674057855,5,[false false true true true],2b57ad667460add303b33479b5da8e8e496a2d188b509d1fcaa9a88f01c73cda
final02_test_out_main_length_scale_medium,final02,A_stage4a1_quick61,G007,"main_length_scale,branch_length_scale,branch_load_scale,source_impedance_ohm,receiver_impedance_ohm",[6.0503658 1.1258095 0.20510913 0.10319703 0.28127948],[6.0816254 0.94244961 0.33237888 0.14337156 0.028305862],214.853920756552,5,[false false true true true],2b57ad667460add303b33479b5da8e8e496a2d188b509d1fcaa9a88f01c73cda
final02_test_out_branch_length_scale_far,final02,A_stage4a1_quick61,G003,"main_length_scale,branch_length_scale,branch_load_scale,source_impedance_ohm,receiver_impedance_ohm",[7.8145266 0.91765808 0.16649615 0.14876404 0.33927471],[7.8169841 0.89649208 0.3755504 0.15180267 0.029344069],266.390594594164,5,[false false true true true],2b57ad667460add303b33479b5da8e8e496a2d188b509d1fcaa9a88f01c73cda
final02_test_out_branch_load_scale_near,final02,A_stage4a1_quick61,G004,"main_length_scale,branch_length_scale,branch_load_scale,source_impedance_ohm,receiver_impedance_ohm",[6.0069568 1.4076699 0.25379552 0.13535558 0.28024221],[6.0674952 1.1183107 0.36579177 0.16328442 0.027415274],221.318057385255,5,[false false true true true],2b57ad667460add303b33479b5da8e8e496a2d188b509d1fcaa9a88f01c73cda
final02_test_out_branch_load_scale_near,final02,A_stage4a1_quick61,G007,"main_length_scale,branch_length_scale,branch_load_scale,source_impedance_ohm,receiver_impedance_ohm",[5.0643875 1.1672297 0.21202632 0.10580775 0.31410563],[5.1118973 0.93755215 0.36439508 0.144866 0.031464937],162.463294075798,5,[false false true true false],2b57ad667460add303b33479b5da8e8e496a2d188b509d1fcaa9a88f01c73cda
final02_test_out_source_impedance_ohm_medium,final02,A_stage4a1_quick61,G002,"main_length_scale,branch_length_scale,branch_load_scale,source_impedance_ohm,receiver_impedance_ohm",[7.2429513 1.0914618 0.18391104 0.13967302 0.37665334],[7.2590181 0.97892498 0.41002118 0.16090513 0.034427828],210.847401285153,5,[false false true true false],2b57ad667460add303b33479b5da8e8e496a2d188b509d1fcaa9a88f01c73cda
final02_test_out_source_impedance_ohm_medium,final02,A_stage4a1_quick61,G005,"main_length_scale,branch_length_scale,branch_load_scale,source_impedance_ohm,receiver_impedance_ohm",[7.2797731 1.0683392 0.17984195 0.13811132 0.37787757],[7.29446 0.96297149 0.40998734 0.15700323 0.038124391],191.333156652101,5,[false false true true false],2b57ad667460add303b33479b5da8e8e496a2d188b509d1fcaa9a88f01c73cda
final02_test_out_receiver_impedance_ohm_far,final02,A_stage4a1_quick61,G006,"main_length_scale,branch_length_scale,branch_load_scale,source_impedance_ohm,receiver_impedance_ohm",[6.3859615 1.474943 0.27204977 0.12693264 0.27319404],[6.4392846 1.2213072 0.36566725 0.17474872 0.022185328],290.249690264461,5,[false false true true true],2b57ad667460add303b33479b5da8e8e496a2d188b509d1fcaa9a88f01c73cda
final02_test_out_joint_parameter_set_near,final02,A_stage4a1_quick61,G004,"main_length_scale,branch_length_scale,branch_load_scale,source_impedance_ohm,receiver_impedance_ohm",[5.2784986 0.97460375 0.17760479 0.10180566 0.28153342],[5.3026299 0.83338662 0.32269802 0.12869586 0.021336516],248.523697996501,5,[false false true true false],2b57ad667460add303b33479b5da8e8e496a2d188b509d1fcaa9a88f01c73cda
final02_test_out_joint_parameter_set_near,final02,A_stage4a1_quick61,G007,"main_length_scale,branch_length_scale,branch_load_scale,source_impedance_ohm,receiver_impedance_ohm",[5.2681173 0.98040606 0.17850964 0.098827885 0.28664195],[5.292899 0.83635603 0.32625773 0.12888491 0.026945265],196.431507581149,5,[false false true true false],2b57ad667460add303b33479b5da8e8e496a2d188b509d1fcaa9a88f01c73cda
final03_test_in_01,final03,A_stage4a1_quick61,G001,"main_length_scale,branch_length_scale,branch_load_scale,source_impedance_ohm,receiver_impedance_ohm",[10.23044 0 0 0.19678725 0.50015265],[10.230443 0.53581219 0.041417696 3.3200434e-18 6.307687e-19],Inf,3,[false true true true true],2b57ad667460add303b33479b5da8e8e496a2d188b509d1fcaa9a88f01c73cda
final03_test_in_02,final03,A_stage4a1_quick61,G002,"main_length_scale,branch_length_scale,branch_load_scale,source_impedance_ohm,receiver_impedance_ohm",[7.3956549 0.97290974 0.17064632 0.14544169 0.36032247],[7.4109924 0.84827956 0.39589406 0.14730234 0.039406903],188.063305311831,5,[false false true true true],2b57ad667460add303b33479b5da8e8e496a2d188b509d1fcaa9a88f01c73cda
final03_test_in_02,final03,A_stage4a1_quick61,G005,"main_length_scale,branch_length_scale,branch_load_scale,source_impedance_ohm,receiver_impedance_ohm",[7.4087831 0.97487911 0.17093265 0.14545379 0.36070347],[7.4241545 0.85001692 0.39648904 0.14727362 0.038029509],195.220887064529,5,[false false true true true],2b57ad667460add303b33479b5da8e8e496a2d188b509d1fcaa9a88f01c73cda
final03_test_in_03,final03,A_stage4a1_quick61,G003,"main_length_scale,branch_length_scale,branch_load_scale,source_impedance_ohm,receiver_impedance_ohm",[7.5275191 0.94558725 0.17273887 0.12783577 0.40148814],[7.5358231 0.8769877 0.42758637 0.15307215 0.0324631],232.1350414257,5,[false false true true false],2b57ad667460add303b33479b5da8e8e496a2d188b509d1fcaa9a88f01c73cda
final03_test_in_04,final03,A_stage4a1_quick61,G004,"main_length_scale,branch_length_scale,branch_load_scale,source_impedance_ohm,receiver_impedance_ohm",[6.3771306 1.3056764 0.23186768 0.12063344 0.29133659],[6.4302223 1.012429 0.35839017 0.15464782 0.025426491],252.894604060899,5,[false false true true true],2b57ad667460add303b33479b5da8e8e496a2d188b509d1fcaa9a88f01c73cda
final03_test_in_04,final03,A_stage4a1_quick61,G007,"main_length_scale,branch_length_scale,branch_load_scale,source_impedance_ohm,receiver_impedance_ohm",[6.3860216 1.3067153 0.23186552 0.11792373 0.295163],[6.4390928 1.0134403 0.36002666 0.15500688 0.030697628],209.758646463272,5,[false false true true true],2b57ad667460add303b33479b5da8e8e496a2d188b509d1fcaa9a88f01c73cda
final03_test_in_05,final03,A_stage4a1_quick61,G002,"main_length_scale,branch_length_scale,branch_load_scale,source_impedance_ohm,receiver_impedance_ohm",[6.6162981 0.9262738 0.15971003 0.13438499 0.36336919],[6.6254923 0.85805897 0.39302896 0.1411999 0.03412989],194.125802063992,5,[false false true true false],2b57ad667460add303b33479b5da8e8e496a2d188b509d1fcaa9a88f01c73cda
final03_test_in_05,final03,A_stage4a1_quick61,G005,"main_length_scale,branch_length_scale,branch_load_scale,source_impedance_ohm,receiver_impedance_ohm",[6.6529405 0.89482798 0.15464719 0.13545344 0.35870926],[6.6611158 0.83180932 0.3882317 0.13699833 0.03752113],177.529722602971,5,[false false true true false],2b57ad667460add303b33479b5da8e8e496a2d188b509d1fcaa9a88f01c73cda
final03_test_in_06,final03,A_stage4a1_quick61,G006,"main_length_scale,branch_length_scale,branch_load_scale,source_impedance_ohm,receiver_impedance_ohm",[5.5883807 1.2159946 0.21715022 0.10108782 0.30581532],[5.6270583 1.0224925 0.35510689 0.15396085 0.021360238],263.436126933381,5,[false false true true false],2b57ad667460add303b33479b5da8e8e496a2d188b509d1fcaa9a88f01c73cda
final03_test_in_07,final03,A_stage4a1_quick61,G004,"main_length_scale,branch_length_scale,branch_load_scale,source_impedance_ohm,receiver_impedance_ohm",[5.3034644 0.92902139 0.17111179 0.10198704 0.27256549],[5.3219077 0.81680059 0.31220639 0.12655353 0.020862229],255.097744201018,5,[false false true true false],2b57ad667460add303b33479b5da8e8e496a2d188b509d1fcaa9a88f01c73cda
final03_test_in_07,final03,A_stage4a1_quick61,G007,"main_length_scale,branch_length_scale,branch_load_scale,source_impedance_ohm,receiver_impedance_ohm",[5.2960914 0.89796927 0.16632839 0.099332759 0.27043472],[5.3121411 0.79759222 0.30722163 0.12465888 0.026051409],203.909938883128,5,[false false true true false],2b57ad667460add303b33479b5da8e8e496a2d188b509d1fcaa9a88f01c73cda
final03_test_out_main_length_scale_far,final03,A_stage4a1_quick61,G004,"main_length_scale,branch_length_scale,branch_load_scale,source_impedance_ohm,receiver_impedance_ohm",[6.0294277 1.0934013 0.20528105 0.10842438 0.25415081],[6.0494351 0.97675103 0.31091417 0.14534073 0.022676702],266.768740636668,5,[false false true true true],2b57ad667460add303b33479b5da8e8e496a2d188b509d1fcaa9a88f01c73cda
final03_test_out_main_length_scale_far,final03,A_stage4a1_quick61,G007,"main_length_scale,branch_length_scale,branch_load_scale,source_impedance_ohm,receiver_impedance_ohm",[6.0630237 1.1420217 0.21390301 0.10764678 0.26130877],[6.0857328 1.0141576 0.31995586 0.14913871 0.028638337],212.503009786029,5,[false false true true true],2b57ad667460add303b33479b5da8e8e496a2d188b509d1fcaa9a88f01c73cda
final03_test_out_branch_length_scale_near,final03,A_stage4a1_quick61,G004,"main_length_scale,branch_length_scale,branch_load_scale,source_impedance_ohm,receiver_impedance_ohm",[5.3738121 1.0792882 0.1910915 0.11590432 0.25945813],[5.3993752 0.94312063 0.31405488 0.13441099 0.023688208],227.935144846389,5,[false false true true true],2b57ad667460add303b33479b5da8e8e496a2d188b509d1fcaa9a88f01c73cda
final03_test_out_branch_length_scale_near,final03,A_stage4a1_quick61,G007,"main_length_scale,branch_length_scale,branch_load_scale,source_impedance_ohm,receiver_impedance_ohm",[5.3922911 1.080016 0.19136184 0.11345519 0.26306292],[5.4175048 0.94545659 0.31566382 0.1348083 0.029464402],183.86610113919,5,[false false true true true],2b57ad667460add303b33479b5da8e8e496a2d188b509d1fcaa9a88f01c73cda
final03_test_out_branch_load_scale_medium,final03,A_stage4a1_quick61,G002,"main_length_scale,branch_length_scale,branch_load_scale,source_impedance_ohm,receiver_impedance_ohm",[7.2127258 1.0762147 0.18692255 0.14352813 0.37333289],[7.2329863 0.93042892 0.40966893 0.1595771 0.038561931],187.56805134812,5,[false false true true false],2b57ad667460add303b33479b5da8e8e496a2d188b509d1fcaa9a88f01c73cda
final03_test_out_branch_load_scale_medium,final03,A_stage4a1_quick61,G005,"main_length_scale,branch_length_scale,branch_load_scale,source_impedance_ohm,receiver_impedance_ohm",[7.3141953 1.0943038 0.18993475 0.14420881 0.37377603],[7.3345604 0.94832732 0.4109476 0.16127531 0.039317662],186.546196506018,5,[false false true true false],2b57ad667460add303b33479b5da8e8e496a2d188b509d1fcaa9a88f01c73cda
final03_test_out_source_impedance_ohm_far,final03,A_stage4a1_quick61,G006,"main_length_scale,branch_length_scale,branch_load_scale,source_impedance_ohm,receiver_impedance_ohm",[6.1209019 1.3262837 0.24378259 0.11909409 0.27007346],[6.1614397 1.123004 0.34544315 0.16349161 0.022006534],279.982290065167,5,[false false true true true],2b57ad667460add303b33479b5da8e8e496a2d188b509d1fcaa9a88f01c73cda
final03_test_out_receiver_impedance_ohm_near,final03,A_stage4a1_quick61,G004,"main_length_scale,branch_length_scale,branch_load_scale,source_impedance_ohm,receiver_impedance_ohm",[6.2007878 1.2529136 0.2219703 0.1312761 0.25164321],[6.2353052 1.0679794 0.3273171 0.14850719 0.024270973],256.903804547591,5,[false false true true true],2b57ad667460add303b33479b5da8e8e496a2d188b509d1fcaa9a88f01c73cda
final03_test_out_receiver_impedance_ohm_near,final03,A_stage4a1_quick61,G007,"main_length_scale,branch_length_scale,branch_load_scale,source_impedance_ohm,receiver_impedance_ohm",[6.2065248 1.3302174 0.23428143 0.12218268 0.27931615],[6.2508004 1.103624 0.35063177 0.15429137 0.031966993],195.539205325826,5,[false false true true true],2b57ad667460add303b33479b5da8e8e496a2d188b509d1fcaa9a88f01c73cda
final03_test_out_joint_parameter_set_medium,final03,A_stage4a1_quick61,G002,"main_length_scale,branch_length_scale,branch_load_scale,source_impedance_ohm,receiver_impedance_ohm",[7.408678 0.83431062 0.15296044 0.1557373 0.30836524],[7.4118656 0.80565156 0.34913749 0.13995858 0.031817737],232.947603510986,5,[false false true true true],2b57ad667460add303b33479b5da8e8e496a2d188b509d1fcaa9a88f01c73cda
final03_test_out_joint_parameter_set_medium,final03,A_stage4a1_quick61,G005,"main_length_scale,branch_length_scale,branch_load_scale,source_impedance_ohm,receiver_impedance_ohm",[7.23322 0.8190416 0.14965164 0.13394978 0.34328313],[7.2363373 0.79121683 0.37119448 0.13676808 0.037282814],194.093110522737,5,[false false true true true],2b57ad667460add303b33479b5da8e8e496a2d188b509d1fcaa9a88f01c73cda
final04_test_in_01,final04,A_stage4a1_quick61,G001,"main_length_scale,branch_length_scale,branch_load_scale,source_impedance_ohm,receiver_impedance_ohm",[10.373641 0 0 0.18939201 0.50166543],[10.373642 0.53463555 0.041147393 6.3804306e-18 7.4826854e-20],Inf,3,[false true true true true],2b57ad667460add303b33479b5da8e8e496a2d188b509d1fcaa9a88f01c73cda
final04_test_in_02,final04,A_stage4a1_quick61,G002,"main_length_scale,branch_length_scale,branch_load_scale,source_impedance_ohm,receiver_impedance_ohm",[7.2669574 0.9494927 0.16736715 0.14858806 0.35135095],[7.2820914 0.82554274 0.38846973 0.14464352 0.039210136],185.719617807447,5,[false false true true true],2b57ad667460add303b33479b5da8e8e496a2d188b509d1fcaa9a88f01c73cda
final04_test_in_02,final04,A_stage4a1_quick61,G005,"main_length_scale,branch_length_scale,branch_load_scale,source_impedance_ohm,receiver_impedance_ohm",[7.2582046 0.95140759 0.1674392 0.1492195 0.3500723],[7.2735824 0.82580897 0.38767498 0.14454862 0.037629073],193.296880722487,5,[false false true true true],2b57ad667460add303b33479b5da8e8e496a2d188b509d1fcaa9a88f01c73cda
final04_test_in_03,final04,A_stage4a1_quick61,G003,"main_length_scale,branch_length_scale,branch_load_scale,source_impedance_ohm,receiver_impedance_ohm",[8.3032714 1.0602775 0.194924 0.17825846 0.31554457],[8.313818 0.97420794 0.37292106 0.17181995 0.024536336],338.836984417303,5,[false false true true true],2b57ad667460add303b33479b5da8e8e496a2d188b509d1fcaa9a88f01c73cda
final04_test_in_04,final04,A_stage4a1_quick61,G004,"main_length_scale,branch_length_scale,branch_load_scale,source_impedance_ohm,receiver_impedance_ohm",[5.8917716 1.1394178 0.20173432 0.10803271 0.29621644],[5.9339281 0.89433119 0.34577944 0.14108772 0.023599272],251.445385556877,5,[false false true true false],2b57ad667460add303b33479b5da8e8e496a2d188b509d1fcaa9a88f01c73cda
final04_test_in_04,final04,A_stage4a1_quick61,G007,"main_length_scale,branch_length_scale,branch_load_scale,source_impedance_ohm,receiver_impedance_ohm",[5.9187026 1.139279 0.20235708 0.11355182 0.28498163],[5.9603639 0.89619609 0.33790421 0.14117745 0.028959899],205.814386961244,5,[false false true true true],2b57ad667460add303b33479b5da8e8e496a2d188b509d1fcaa9a88f01c73cda
final04_test_in_05,final04,A_stage4a1_quick61,G002,"main_length_scale,branch_length_scale,branch_load_scale,source_impedance_ohm,receiver_impedance_ohm",[6.923478 0.94159135 0.16394217 0.14164533 0.35580076],[6.9314327 0.88116853 0.38910714 0.14417672 0.035605172],194.674883100039,5,[false false true true false],2b57ad667460add303b33479b5da8e8e496a2d188b509d1fcaa9a88f01c73cda
final04_test_in_05,final04,A_stage4a1_quick61,G005,"main_length_scale,branch_length_scale,branch_load_scale,source_impedance_ohm,receiver_impedance_ohm",[6.8627805 0.93303556 0.16165883 0.13097853 0.37681959],[6.8706992 0.8728659 0.40447768 0.14184715 0.038317711],179.308708421341,5,[false false true true false],2b57ad667460add303b33479b5da8e8e496a2d188b509d1fcaa9a88f01c73cda
final04_test_in_06,final04,A_stage4a1_quick61,G006,"main_length_scale,branch_length_scale,branch_load_scale,source_impedance_ohm,receiver_impedance_ohm",[6.3054712 1.3289545 0.23437735 0.10977336 0.30280904],[6.3648308 1.0071015 0.36285948 0.1621518 0.02189407],290.71026095308,5,[false false true true true],2b57ad667460add303b33479b5da8e8e496a2d188b509d1fcaa9a88f01c73cda
final04_test_in_07,final04,A_stage4a1_quick61,G004,"main_length_scale,branch_length_scale,branch_load_scale,source_impedance_ohm,receiver_impedance_ohm",[6.1471272 1.3211352 0.23652244 0.11492342 0.29969575],[6.192486 1.0889011 0.36519461 0.1581648 0.023807891],260.102254540531,5,[false false true true true],2b57ad667460add303b33479b5da8e8e496a2d188b509d1fcaa9a88f01c73cda
final04_test_in_07,final04,A_stage4a1_quick61,G007,"main_length_scale,branch_length_scale,branch_load_scale,source_impedance_ohm,receiver_impedance_ohm",[6.1458019 1.3163157 0.2354973 0.1111016 0.30467908],[6.1907685 1.085344 0.36728283 0.15760329 0.029635234],208.898920721094,5,[false false true true true],2b57ad667460add303b33479b5da8e8e496a2d188b509d1fcaa9a88f01c73cda
final04_test_out_main_length_scale_near,final04,A_stage4a1_quick61,G004,"main_length_scale,branch_length_scale,branch_load_scale,source_impedance_ohm,receiver_impedance_ohm",[5.6662743 1.1202288 0.20334973 0.10190024 0.298714],[5.6983199 0.94382181 0.34602398 0.14369018 0.022661642],251.452201374243,5,[false false true true false],2b57ad667460add303b33479b5da8e8e496a2d188b509d1fcaa9a88f01c73cda
final04_test_out_main_length_scale_near,final04,A_stage4a1_quick61,G007,"main_length_scale,branch_length_scale,branch_load_scale,source_impedance_ohm,receiver_impedance_ohm",[5.6064057 1.1088961 0.20170728 0.09898955 0.30248574],[5.6384053 0.93268374 0.34738357 0.14290963 0.028394286],198.575351016724,5,[false false true true false],2b57ad667460add303b33479b5da8e8e496a2d188b509d1fcaa9a88f01c73cda
final04_test_out_branch_length_scale_medium,final04,A_stage4a1_quick61,G002,"main_length_scale,branch_length_scale,branch_load_scale,source_impedance_ohm,receiver_impedance_ohm",[7.3948863 0.99292423 0.16997788 0.16112131 0.32425399],[7.4035221 0.92636646 0.36867762 0.15077223 0.035847768],206.526722088535,5,[false false true true true],2b57ad667460add303b33479b5da8e8e496a2d188b509d1fcaa9a88f01c73cda
final04_test_out_branch_length_scale_medium,final04,A_stage4a1_quick61,G005,"main_length_scale,branch_length_scale,branch_load_scale,source_impedance_ohm,receiver_impedance_ohm",[7.3921162 1.0002586 0.17144017 0.15992395 0.32677882],[7.4011077 0.93142346 0.37039286 0.15132735 0.040190369],184.151272988639,5,[false false true true true],2b57ad667460add303b33479b5da8e8e496a2d188b509d1fcaa9a88f01c73cda
final04_test_out_branch_load_scale_far,final04,A_stage4a1_quick61,G006,"main_length_scale,branch_length_scale,branch_load_scale,source_impedance_ohm,receiver_impedance_ohm",[6.8028525 1.6301359 0.29803225 0.1268062 0.30590708],[6.8976553 1.165553 0.40117972 0.19247698 0.021739599],317.285306220629,5,[false false true true true],2b57ad667460add303b33479b5da8e8e496a2d188b509d1fcaa9a88f01c73cda
final04_test_out_source_impedance_ohm_near,final04,A_stage4a1_quick61,G004,"main_length_scale,branch_length_scale,branch_load_scale,source_impedance_ohm,receiver_impedance_ohm",[5.3453608 1.3071605 0.23142361 0.097425188 0.34840751],[5.4019887 1.0488735 0.39858156 0.15772815 0.02496962],216.342444664045,5,[false false true true false],2b57ad667460add303b33479b5da8e8e496a2d188b509d1fcaa9a88f01c73cda
final04_test_out_source_impedance_ohm_near,final04,A_stage4a1_quick61,G007,"main_length_scale,branch_length_scale,branch_load_scale,source_impedance_ohm,receiver_impedance_ohm",[5.2771536 1.2837633 0.22885355 0.094685382 0.35110083],[5.3324772 1.0301873 0.39921412 0.15543357 0.02963761],179.922647398045,5,[false false true true false],2b57ad667460add303b33479b5da8e8e496a2d188b509d1fcaa9a88f01c73cda
final04_test_out_receiver_impedance_ohm_medium,final04,A_stage4a1_quick61,G001,"main_length_scale,branch_length_scale,branch_load_scale,source_impedance_ohm,receiver_impedance_ohm",[11.283033 0 0 0.20527983 0.48959964],[11.283034 0.52947277 0.038700599 8.2191015e-18 4.488343e-19],Inf,3,[false true true true true],2b57ad667460add303b33479b5da8e8e496a2d188b509d1fcaa9a88f01c73cda
final04_test_out_joint_parameter_set_far,final04,A_stage4a1_quick61,G004,"main_length_scale,branch_length_scale,branch_load_scale,source_impedance_ohm,receiver_impedance_ohm",[4.5210782 0.90728485 0.16744597 0.095395344 0.28005549],[4.5410052 0.80187429 0.31512653 0.12399204 0.02177201],208.570790332758,5,[false false true true false],2b57ad667460add303b33479b5da8e8e496a2d188b509d1fcaa9a88f01c73cda
final04_test_out_joint_parameter_set_far,final04,A_stage4a1_quick61,G007,"main_length_scale,branch_length_scale,branch_load_scale,source_impedance_ohm,receiver_impedance_ohm",[4.5545141 0.92024441 0.16952299 0.091097212 0.28838086],[4.5750928 0.81203013 0.3216692 0.12497749 0.026286882],174.04471644273,5,[false false true true false],2b57ad667460add303b33479b5da8e8e496a2d188b509d1fcaa9a88f01c73cda
final05_test_in_01,final05,A_stage4a1_quick61,G001,"main_length_scale,branch_length_scale,branch_load_scale,source_impedance_ohm,receiver_impedance_ohm",[10.123815 0 0 0.18640314 0.51401807],[10.123818 0.54511747 0.041898387 1.4035684e-17 1.4293695e-19],Inf,3,[false true true true false],2b57ad667460add303b33479b5da8e8e496a2d188b509d1fcaa9a88f01c73cda
final05_test_in_02,final05,A_stage4a1_quick61,G002,"main_length_scale,branch_length_scale,branch_load_scale,source_impedance_ohm,receiver_impedance_ohm",[6.793239 0.86514957 0.15240003 0.12869389 0.37685305],[6.7990477 0.8186292 0.40199993 0.13513723 0.036294394],187.330520705957,5,[false false true true false],2b57ad667460add303b33479b5da8e8e496a2d188b509d1fcaa9a88f01c73cda
final05_test_in_02,final05,A_stage4a1_quick61,G005,"main_length_scale,branch_length_scale,branch_load_scale,source_impedance_ohm,receiver_impedance_ohm",[6.8472168 0.87353353 0.15486202 0.14736118 0.34382222],[6.853187 0.82575751 0.37842877 0.13663987 0.037734073],181.618001065837,5,[false false true true false],2b57ad667460add303b33479b5da8e8e496a2d188b509d1fcaa9a88f01c73cda
final05_test_in_03,final05,A_stage4a1_quick61,G003,"main_length_scale,branch_length_scale,branch_load_scale,source_impedance_ohm,receiver_impedance_ohm",[8.023067 1.0225231 0.18520676 0.13553089 0.38470766],[8.0327888 0.94317287 0.41539318 0.16431959 0.031686286],253.509949345366,5,[false false true true true],2b57ad667460add303b33479b5da8e8e496a2d188b509d1fcaa9a88f01c73cda
final05_test_in_04,final05,A_stage4a1_quick61,G004,"main_length_scale,branch_length_scale,branch_load_scale,source_impedance_ohm,receiver_impedance_ohm",[6.1544749 1.1553212 0.20517542 0.11393752 0.28135587],[6.192721 0.92880521 0.33616123 0.14328319 0.023700189],261.29416258687,5,[false false true true true],2b57ad667460add303b33479b5da8e8e496a2d188b509d1fcaa9a88f01c73cda
final05_test_in_04,final05,A_stage4a1_quick61,G007,"main_length_scale,branch_length_scale,branch_load_scale,source_impedance_ohm,receiver_impedance_ohm",[6.1862923 1.1533418 0.20475897 0.10966008 0.2869293],[6.223886 0.9294102 0.3385831 0.1437314 0.028852548],215.713568306781,5,[false false true true true],2b57ad667460add303b33479b5da8e8e496a2d188b509d1fcaa9a88f01c73cda
final05_test_in_05,final05,A_stage4a1_quick61,G002,"main_length_scale,branch_length_scale,branch_load_scale,source_impedance_ohm,receiver_impedance_ohm",[7.1529786 0.95915978 0.16844187 0.14715938 0.35247449],[7.1635762 0.87662033 0.38896676 0.14629449 0.037046768],193.365754847707,5,[false false true true true],2b57ad667460add303b33479b5da8e8e496a2d188b509d1fcaa9a88f01c73cda
final05_test_in_05,final05,A_stage4a1_quick61,G005,"main_length_scale,branch_length_scale,branch_load_scale,source_impedance_ohm,receiver_impedance_ohm",[7.1630651 0.96216019 0.16893507 0.14663748 0.35373439],[7.1736845 0.87961355 0.38996203 0.14629556 0.0384923],186.366741200456,5,[false false true true true],2b57ad667460add303b33479b5da8e8e496a2d188b509d1fcaa9a88f01c73cda
final05_test_in_06,final05,A_stage4a1_quick61,G006,"main_length_scale,branch_length_scale,branch_load_scale,source_impedance_ohm,receiver_impedance_ohm",[6.5126075 1.3027184 0.22887173 0.11334633 0.28791919],[6.5701756 0.97164159 0.34934578 0.15960539 0.021145862],310.707393901722,5,[false false true true true],2b57ad667460add303b33479b5da8e8e496a2d188b509d1fcaa9a88f01c73cda
final05_test_in_07,final05,A_stage4a1_quick61,G004,"main_length_scale,branch_length_scale,branch_load_scale,source_impedance_ohm,receiver_impedance_ohm",[5.7673106 1.1915238 0.21499297 0.11055429 0.28867248],[5.8058873 0.98660281 0.34539394 0.14753979 0.024471764],237.248422281789,5,[false false true true false],2b57ad667460add303b33479b5da8e8e496a2d188b509d1fcaa9a88f01c73cda
final05_test_in_07,final05,A_stage4a1_quick61,G007,"main_length_scale,branch_length_scale,branch_load_scale,source_impedance_ohm,receiver_impedance_ohm",[5.8191291 1.1657934 0.21056928 0.11182792 0.28022074],[5.8543513 0.97366531 0.33645818 0.14544685 0.029904125],195.770690589954,5,[false false true true true],2b57ad667460add303b33479b5da8e8e496a2d188b509d1fcaa9a88f01c73cda
final05_test_out_main_length_scale_medium,final05,A_stage4a1_quick61,G004,"main_length_scale,branch_length_scale,branch_load_scale,source_impedance_ohm,receiver_impedance_ohm",[5.1015063 0.91218164 0.16825497 0.10209132 0.26843027],[5.1237486 0.77761996 0.30820647 0.12346563 0.022389644],228.844575199279,5,[false false true true false],2b57ad667460add303b33479b5da8e8e496a2d188b509d1fcaa9a88f01c73cda
final05_test_out_main_length_scale_medium,final05,A_stage4a1_quick61,G007,"main_length_scale,branch_length_scale,branch_load_scale,source_impedance_ohm,receiver_impedance_ohm",[5.2651659 0.91067976 0.16837432 0.10420416 0.25990694],[5.2857553 0.78238118 0.30121091 0.12358566 0.027169135],194.550002339856,5,[false false true true true],2b57ad667460add303b33479b5da8e8e496a2d188b509d1fcaa9a88f01c73cda
final05_test_out_branch_length_scale_far,final05,A_stage4a1_quick61,G006,"main_length_scale,branch_length_scale,branch_load_scale,source_impedance_ohm,receiver_impedance_ohm",[5.6857699 1.250228 0.22389467 0.10551433 0.28739344],[5.7276396 1.0417291 0.34437798 0.15739434 0.021962544],260.791262056422,5,[false false true true false],2b57ad667460add303b33479b5da8e8e496a2d188b509d1fcaa9a88f01c73cda
final05_test_out_branch_load_scale_near,final05,A_stage4a1_quick61,G004,"main_length_scale,branch_length_scale,branch_load_scale,source_impedance_ohm,receiver_impedance_ohm",[5.3694471 1.1690787 0.21131339 0.10432157 0.30749585],[5.4106699 0.9604668 0.3581719 0.14506962 0.024891701],217.368424468372,5,[false false true true false],2b57ad667460add303b33479b5da8e8e496a2d188b509d1fcaa9a88f01c73cda
final05_test_out_branch_load_scale_near,final05,A_stage4a1_quick61,G007,"main_length_scale,branch_length_scale,branch_load_scale,source_impedance_ohm,receiver_impedance_ohm",[5.7083131 1.3000956 0.23578312 0.10857358 0.31562289],[5.7615249 1.0392571 0.37567759 0.15728368 0.031454914],183.167720576532,5,[false false true true false],2b57ad667460add303b33479b5da8e8e496a2d188b509d1fcaa9a88f01c73cda
final05_test_out_source_impedance_ohm_medium,final05,A_stage4a1_quick61,G001,"main_length_scale,branch_length_scale,branch_load_scale,source_impedance_ohm,receiver_impedance_ohm",[11.337622 0 0 0.19932019 0.51172818],[11.337624 0.54757633 0.041324589 2.5992418e-18 4.9386493e-19],Inf,3,[false true true true true],2b57ad667460add303b33479b5da8e8e496a2d188b509d1fcaa9a88f01c73cda
final05_test_out_receiver_impedance_ohm_far,final05,A_stage4a1_quick61,G002,"main_length_scale,branch_length_scale,branch_load_scale,source_impedance_ohm,receiver_impedance_ohm",[8.6228331 1.2325159 0.21061896 0.15937199 0.35733289],[8.6362294 1.1349782 0.40373697 0.18009111 0.041500258],208.10062108617,5,[false false true true true],2b57ad667460add303b33479b5da8e8e496a2d188b509d1fcaa9a88f01c73cda
final05_test_out_receiver_impedance_ohm_far,final05,A_stage4a1_quick61,G005,"main_length_scale,branch_length_scale,branch_load_scale,source_impedance_ohm,receiver_impedance_ohm",[8.1282766 1.2296613 0.2103672 0.14980331 0.37514107],[8.1441982 1.1195246 0.41705867 0.1770796 0.042161081],193.168628273235,5,[false false true true true],2b57ad667460add303b33479b5da8e8e496a2d188b509d1fcaa9a88f01c73cda
final05_test_out_joint_parameter_set_near,final05,A_stage4a1_quick61,G003,"main_length_scale,branch_length_scale,branch_load_scale,source_impedance_ohm,receiver_impedance_ohm",[6.8997904 0.8178807 0.15425167 0.12798457 0.36276781],[6.9034412 0.78670505 0.3887902 0.13850492 0.032623791],211.607568574662,5,[false false true true false],2b57ad667460add303b33479b5da8e8e496a2d188b509d1fcaa9a88f01c73cda
