mode,snr_db,feature,n,accuracy_mean,accuracy_std,accuracy_ci_low,accuracy_ci_high,group_accuracy_mean,group_accuracy_std,group_accuracy_ci_low,group_accuracy_ci_high,numeric_tie_rate_mean,numeric_tie_rate_std,numeric_tie_rate_ci_low,numeric_tie_rate_ci_high,distance_gap_mean,distance_gap_std,group_intra_mean,group_inter_mean,intra_inter_ratio,d_intra_ge_inter_rate,nmse_mean,nmse_std,nmse_ci_low,nmse_ci_high,amplitude_rmse_db_mean,amplitude_rmse_db_std,raw_phase_rmse_deg_mean,raw_phase_rmse_deg_std,masked_phase_rmse_deg_mean,masked_phase_rmse_deg_std,weighted_phase_rmse_deg_mean,weighted_phase_rmse_deg_std,valid_phase_fraction_mean,valid_phase_fraction_std
fixed_received_snr,30,amplitude,50,0.82666666666666666,0.11644780248226176,0.79438898259719093,0.85894435073614239,1,0,1,1,0.33333333333333326,5.6074730667277685e-17,0.33333333333333326,0.33333333333333326,0.0033850856864761207,4.9019032134541309e-06,0.00052772996922931692,0.0053279404786985016,0.09904952417152936,0,0.0010025218432523383,9.2250551568685988e-06,0.00099996478842150766,0.001005078898083169,0.54771564368241965,0.017084512282283328,62.532974380658032,44.500154235320444,62.242304118641329,45.562268044831512,2.1796105405221646,0.24734251140731772,0.99303773935675776,0.00032756742845307843
fixed_received_snr,30,amplitude_raw_db,50,0.84333333333333327,0.12330483215451478,0.8091549776092789,0.87751168905738763,1,0,1,1,0.33333333333333326,5.6074730667277685e-17,0.33333333333333326,0.33333333333333326,2.6694762987414951,0.014471288933637989,0.54771564368241965,4.187950260301287,0.13078370315769133,0,0.0010025218432523383,9.2250551568685988e-06,0.00099996478842150766,0.001005078898083169,0.54771564368241965,0.017084512282283328,62.532974380658032,44.500154235320444,62.242304118641329,45.562268044831512,2.1796105405221646,0.24734251140731772,0.99303773935675776,0.00032756742845307843
fixed_received_snr,30,amplitude_db_standardized,50,0.84666666666666657,0.10562415720389923,0.81738914400279805,0.87594418933053508,1,0,1,1,0.33333333333333326,5.6074730667277685e-17,0.33333333333333326,0.33333333333333326,0.3102480893440196,0.0012911640710922807,0.095118095904104041,0.51074150373596572,0.18623529752004753,0,0.0010025218432523383,9.2250551568685988e-06,0.00099996478842150766,0.001005078898083169,0.54771564368241965,0.017084512282283328,62.532974380658032,44.500154235320444,62.242304118641329,45.562268044831512,2.1796105405221646,0.24734251140731772,0.99303773935675776,0.00032756742845307843
fixed_received_snr,30,phase,50,0.78666666666666674,0.14692617733849059,0.74594080810536012,0.82739252522797335,0.94666666666666677,0.078535345249860181,0.92489777959257768,0.96843555374075585,0.34666666666666673,0.045674585936311615,0.33400631736483288,0.35932701596850058,0.088706311043501879,0.0091891207215944182,0.34740541322587803,0.46400158099344302,0.74871601187666503,0,0.0010025218432523383,9.2250551568685988e-06,0.00099996478842150766,0.001005078898083169,0.54771564368241965,0.017084512282283328,62.532974380658032,44.500154235320444,62.242304118641329,45.562268044831512,2.1796105405221646,0.24734251140731772,0.99303773935675776,0.00032756742845307843
fixed_received_snr,30,phase_masked,50,0.78666666666666674,0.14692617733849059,0.74594080810536012,0.82739252522797335,0.94666666666666677,0.078535345249860181,0.92489777959257768,0.96843555374075585,0.34666666666666673,0.045674585936311615,0.33400631736483288,0.35932701596850058,0.090640894934430782,0.011595379988353536,0.34579057843689631,0.46403084185797239,0.745188783254915,0,0.0010025218432523383,9.2250551568685988e-06,0.00099996478842150766,0.001005078898083169,0.54771564368241965,0.017084512282283328,62.532974380658032,44.500154235320444,62.242304118641329,45.562268044831512,2.1796105405221646,0.24734251140731772,0.99303773935675776,0.00032756742845307843
fixed_received_snr,30,phase_weighted,50,0.83999999999999997,0.12580804584402769,0.80512778884109704,0.8748722111589029,1,0,1,1,0.33333333333333326,5.6074730667277685e-17,0.33333333333333326,0.33333333333333326,0.092701566655294484,0.0028590381238451468,0.012108947447345348,0.14985119546832951,0.080806478783844796,0,0.0010025218432523383,9.2250551568685988e-06,0.00099996478842150766,0.001005078898083169,0.54771564368241965,0.017084512282283328,62.532974380658032,44.500154235320444,62.242304118641329,45.562268044831512,2.1796105405221646,0.24734251140731772,0.99303773935675776,0.00032756742845307843
fixed_received_snr,30,complex,50,0.82999999999999996,0.11899999047237904,0.79701488551213173,0.86298511448786819,1,0,1,1,0.33333333333333326,5.6074730667277685e-17,0.33333333333333326,0.33333333333333326,0.0055704138011103913,5.1920059497408157e-06,0.00074731296199305052,0.009002168130753491,0.083014775011817032,0,0.0010025218432523383,9.2250551568685988e-06,0.00099996478842150766,0.001005078898083169,0.54771564368241965,0.017084512282283328,62.532974380658032,44.500154235320444,62.242304118641329,45.562268044831512,2.1796105405221646,0.24734251140731772,0.99303773935675776,0.00032756742845307843
fixed_received_snr,30,cir,50,0.84333333333333338,0.11373877059520179,0.81180655459243156,0.8748601120742352,1,0,1,1,0.33333333333333326,5.6074730667277685e-17,0.33333333333333326,0.33333333333333326,0.0036855102973699211,3.4351472035993361e-06,0.00049443896182979868,0.0059560356787019672,0.083014775011817019,0,0.0010025218432523383,9.2250551568685988e-06,0.00099996478842150766,0.001005078898083169,0.54771564368241965,0.017084512282283328,62.532974380658032,44.500154235320444,62.242304118641329,45.562268044831512,2.1796105405221646,0.24734251140731772,0.99303773935675776,0.00032756742845307843
fixed_received_snr,30,amp_phase_joint,50,0.78666666666666674,0.14692617733849059,0.74594080810536012,0.82739252522797335,0.94666666666666677,0.078535345249860181,0.92489777959257768,0.96843555374075585,0.34666666666666673,0.045674585936311615,0.33400631736483288,0.35932701596850058,0.062801218501358905,0.0064996387045936892,0.24565948093236817,0.32823076579688193,0.74843526729114995,0,0.0010025218432523383,9.2250551568685988e-06,0.00099996478842150766,0.001005078898083169,0.54771564368241965,0.017084512282283328,62.532974380658032,44.500154235320444,62.242304118641329,45.562268044831512,2.1796105405221646,0.24734251140731772,0.99303773935675776,0.00032756742845307843
fixed_received_snr,20,amplitude,50,0.85999999999999999,0.13196577581477162,0.82342095317443786,0.89657904682556211,1,0,1,1,0.33333333333333326,5.6074730667277685e-17,0.33333333333333326,0.33333333333333326,0.0027702359877241757,1.3262295968033404e-05,0.0016575353177140301,0.0055583645542767223,0.29820557855254165,0,0.0099823894841985436,9.5398480634768459e-05,0.0099559463744704219,0.010008832593926665,1.4303118839116289,0.024310796623253209,170.83485571963033,103.85672349977071,170.6673103716503,105.03528342875882,6.7305348047914348,0.84001459870524986,0.99352853690276999,0.00034109079032568722
fixed_received_snr,20,amplitude_raw_db,50,0.84333333333333327,0.12781967172828143,0.8079035279272756,0.87876313873939094,1,0,1,1,0.33333333333333326,5.6074730667277685e-17,0.33333333333333326,0.33333333333333326,1.9141911782434857,0.024170436309899176,1.4303118839116289,4.1477255001827746,0.34484246458657897,0,0.0099823894841985436,9.5398480634768459e-05,0.0099559463744704219,0.010008832593926665,1.4303118839116289,0.024310796623253209,170.83485571963033,103.85672349977071,170.6673103716503,105.03528342875882,6.7305348047914348,0.84001459870524986,0.99352853690276999,0.00034109079032568722
fixed_received_snr,20,amplitude_db_standardized,50,0.81333333333333346,0.1045452304766674,0.78435487390031478,0.84231179276635215,1,0,1,1,0.33333333333333326,5.6074730667277685e-17,0.33333333333333326,0.33333333333333326,0.22939371890229765,0.0021884315562657511,0.26439948647680539,0.56430032815066533,0.46854391763921155,0,0.0099823894841985436,9.5398480634768459e-05,0.0099559463744704219,0.010008832593926665,1.4303118839116289,0.024310796623253209,170.83485571963033,103.85672349977071,170.6673103716503,105.03528342875882,6.7305348047914348,0.84001459870524986,0.99352853690276999,0.00034109079032568722
fixed_received_snr,20,phase,50,0.69999999999999996,0.16835875742536846,0.65333333333333332,0.74666666666666659,0.84333333333333327,0.10864032901476034,0.81321977049751681,0.87344689616914972,0.34666666666666662,0.045674585936311615,0.33400631736483277,0.35932701596850047,0.068683364998094729,0.0097906884545166627,0.94908253177572421,1.018350990992767,0.93197977924142383,0.10000000000000001,0.0099823894841985436,9.5398480634768459e-05,0.0099559463744704219,0.010008832593926665,1.4303118839116289,0.024310796623253209,170.83485571963033,103.85672349977071,170.6673103716503,105.03528342875882,6.7305348047914348,0.84001459870524986,0.99352853690276999,0.00034109079032568722
fixed_received_snr,20,phase_masked,50,0.70333333333333348,0.16933242273042429,0.65639678041346083,0.75026988625320612,0.84666666666666668,0.11086139739831254,0.81593745508477855,0.87739587824855481,0.34333333333333327,0.03998298958034921,0.33225061405209788,0.35441605261456866,0.070245855424775933,0.013479570990409541,0.94815172428694605,1.0176680111675267,0.93169060428574579,0.10000000000000001,0.0099823894841985436,9.5398480634768459e-05,0.0099559463744704219,0.010008832593926665,1.4303118839116289,0.024310796623253209,170.83485571963033,103.85672349977071,170.6673103716503,105.03528342875882,6.7305348047914348,0.84001459870524986,0.99352853690276999,0.00034109079032568722
fixed_received_snr,20,phase_weighted,50,0.85000000000000009,0.11785113019775792,0.81733333333333347,0.88266666666666671,1,0,1,1,0.33333333333333326,5.6074730667277685e-17,0.33333333333333326,0.33333333333333326,0.078956711638439647,0.0069219733204932713,0.037391860026619074,0.15593987970733003,0.23978381987209813,0,0.0099823894841985436,9.5398480634768459e-05,0.0099559463744704219,0.010008832593926665,1.4303118839116289,0.024310796623253209,170.83485571963033,103.85672349977071,170.6673103716503,105.03528342875882,6.7305348047914348,0.84001459870524986,0.99352853690276999,0.00034109079032568722
fixed_received_snr,20,complex,50,0.82666666666666666,0.10626625525914953,0.79721116350228893,0.85612216983104439,1,0,1,1,0.33333333333333326,5.6074730667277685e-17,0.33333333333333326,0.33333333333333326,0.0046702646813188975,1.4542633826410716e-05,0.0023505771944470882,0.0092549491924403312,0.25398056170498451,0,0.0099823894841985436,9.5398480634768459e-05,0.0099559463744704219,0.010008832593926665,1.4303118839116289,0.024310796623253209,170.83485571963033,103.85672349977071,170.6673103716503,105.03528342875882,6.7305348047914348,0.84001459870524986,0.99352853690276999,0.00034109079032568722
fixed_received_snr,20,cir,50,0.81666666666666676,0.11785113019775793,0.78400000000000014,0.84933333333333338,1,0,1,1,0.33333333333333326,5.6074730667277685e-17,0.33333333333333326,0.33333333333333326,0.0030899515168896063,9.6217316400142472e-06,0.0015551944189802864,0.0061232812800325609,0.25398056170498451,0,0.0099823894841985436,9.5398480634768459e-05,0.0099559463744704219,0.010008832593926665,1.4303118839116289,0.024310796623253209,170.83485571963033,103.85672349977071,170.6673103716503,105.03528342875882,6.7305348047914348,0.84001459870524986,0.99352853690276999,0.00034109079032568722
fixed_received_snr,20,amp_phase_joint,50,0.69999999999999996,0.16835875742536846,0.65333333333333332,0.74666666666666659,0.84333333333333327,0.10864032901476034,0.81321977049751681,0.87344689616914972,0.34666666666666662,0.045674585936311615,0.33400631736483277,0.35932701596850047,0.04861952715805682,0.0069226929063546357,0.67112242963183499,0.7201991857739185,0.93185669032748741,0.10000000000000001,0.0099823894841985436,9.5398480634768459e-05,0.0099559463744704219,0.010008832593926665,1.4303118839116289,0.024310796623253209,170.83485571963033,103.85672349977071,170.6673103716503,105.03528342875882,6.7305348047914348,0.84001459870524986,0.99352853690276999,0.00034109079032568722
fixed_received_snr,10,amplitude,50,0.83666666666666689,0.10372867100377127,0.80791454597193479,0.86541878736139899,1,0,1,1,0.33333333333333326,5.6074730667277685e-17,0.33333333333333326,0.33333333333333326,0.0015416163335118019,3.1192887412401472e-05,0.0049760303375686703,0.0072315733349227404,0.68809788784667458,0,0.1000328685563443,0.00095324457226976913,0.099768642641481262,0.10029709447120734,3.5541371611615067,0.032248726966798702,469.92345032577424,138.14775368288613,470.22622991167287,139.22640022759904,21.451844971509459,3.3849548620183243,0.99403420710169188,0.0002387959728422466
fixed_received_snr,10,amplitude_raw_db,50,0.65333333333333332,0.10562415720389921,0.62405581066946481,0.68261085599720184,0.83333333333333348,1.1214946133455537e-16,0.83333333333333348,0.83333333333333348,0.33333333333333326,5.6074730667277685e-17,0.33333333333333326,0.33333333333333326,1.2946955223131511,0.032097628195800774,3.5541371611615067,4.6060793759440619,0.77161873929561864,0,0.1000328685563443,0.00095324457226976913,0.099768642641481262,0.10029709447120734,3.5541371611615067,0.032248726966798702,469.92345032577424,138.14775368288613,470.22622991167287,139.22640022759904,21.451844971509459,3.3849548620183243,0.99403420710169188,0.0002387959728422466
fixed_received_snr,10,amplitude_db_standardized,50,0.68000000000000005,0.10011331448394591,0.65225000500500552,0.70774999499499458,0.83333333333333348,1.1214946133455537e-16,0.83333333333333348,0.83333333333333348,0.33666666666666667,0.023570226039551587,0.33013333333333333,0.34320000000000001,0.11941184927173659,0.0037930113404510846,0.65410076796485939,0.79529048413512615,0.8224677410495993,0,0.1000328685563443,0.00095324457226976913,0.099768642641481262,0.10029709447120734,3.5541371611615067,0.032248726966798702,469.92345032577424,138.14775368288613,470.22622991167287,139.22640022759904,21.451844971509459,3.3849548620183243,0.99403420710169188,0.0002387959728422466
fixed_received_snr,10,phase,50,0.31000000000000005,0.12145191185577951,0.27633524757917338,0.34366475242082672,0.35999999999999999,0.13619380615309609,0.32224900295650749,0.39775099704349248,0.12333333333333332,0.12051476890327394,0.089928343686076537,0.15673832298059009,0.055222295940239224,0.013519119740130399,2.6106858351431903,2.5342848186913289,1.0301469731769588,0.92000000000000004,0.1000328685563443,0.00095324457226976913,0.099768642641481262,0.10029709447120734,3.5541371611615067,0.032248726966798702,469.92345032577424,138.14775368288613,470.22622991167287,139.22640022759904,21.451844971509459,3.3849548620183243,0.99403420710169188,0.0002387959728422466
fixed_received_snr,10,phase_masked,50,0.31333333333333335,0.11971242942834796,0.28015074084202179,0.34651592582464491,0.36666666666666664,0.15058465048420855,0.32492673108667058,0.4084066022466627,0.11333333333333333,0.11876156107942785,0.080414308101376314,0.14625235856529034,0.052520017009361,0.014848101768322962,2.6123679439537382,2.5371079616294048,1.0296636893118254,0.92000000000000004,0.1000328685563443,0.00095324457226976913,0.099768642641481262,0.10029709447120734,3.5541371611615067,0.032248726966798702,469.92345032577424,138.14775368288613,470.22622991167287,139.22640022759904,21.451844971509459,3.3849548620183243,0.99403420710169188,0.0002387959728422466
fixed_received_snr,10,phase_weighted,50,0.77000000000000002,0.16798795983202511,0.72343611318247203,0.81656388681752801,0.95000000000000018,0.090663965545998898,0.92486923090003914,0.97513076909996121,0.33000000000000002,0.041101610718171595,0.31860721475864856,0.34139278524135147,0.052474075312033144,0.012076136070517319,0.11917691650838586,0.19257920116035712,0.61884625021966655,0.02,0.1000328685563443,0.00095324457226976913,0.099768642641481262,0.10029709447120734,3.5541371611615067,0.032248726966798702,469.92345032577424,138.14775368288613,470.22622991167287,139.22640022759904,21.451844971509459,3.3849548620183243,0.99403420710169188,0.0002387959728422466
fixed_received_snr,10,complex,50,0.85999999999999999,0.097357372858385111,0.83301391304970485,0.88698608695029513,1,0,1,1,0.33333333333333326,5.6074730667277685e-17,0.33333333333333326,0.33333333333333326,0.0028373204358749867,2.9832813894847068e-05,0.0072076989123288958,0.011376860684434118,0.63354022803412791,0,0.1000328685563443,0.00095324457226976913,0.099768642641481262,0.10029709447120734,3.5541371611615067,0.032248726966798702,469.92345032577424,138.14775368288613,470.22622991167287,139.22640022759904,21.451844971509459,3.3849548620183243,0.99403420710169188,0.0002387959728422466
fixed_received_snr,10,cir,50,0.83999999999999997,0.11644780248226176,0.80772231593052424,0.8722776840694757,1,0,1,1,0.33333333333333326,5.6074730667277685e-17,0.33333333333333326,0.33333333333333326,0.0018772346286501929,1.9738056585143228e-05,0.004768774728447449,0.0075271853584498215,0.63354022803412791,0,0.1000328685563443,0.00095324457226976913,0.099768642641481262,0.10029709447120734,3.5541371611615067,0.032248726966798702,469.92345032577424,138.14775368288613,470.22622991167287,139.22640022759904,21.451844971509459,3.3849548620183243,0.99403420710169188,0.0002387959728422466
fixed_received_snr,10,amp_phase_joint,50,0.31000000000000005,0.12145191185577951,0.27633524757917338,0.34366475242082672,0.35999999999999999,0.13619380615309609,0.32224900295650749,0.39775099704349248,0.12333333333333332,0.12051476890327394,0.089928343686076537,0.15673832298059009,0.039058027405324144,0.0095594831172140446,1.8460576305197138,1.792063934662034,1.0301293356857062,0.92000000000000004,0.1000328685563443,0.00095324457226976913,0.099768642641481262,0.10029709447120734,3.5541371611615067,0.032248726966798702,469.92345032577424,138.14775368288613,470.22622991167287,139.22640022759904,21.451844971509459,3.3849548620183243,0.99403420710169188,0.0002387959728422466
fixed_received_snr,0,amplitude,50,0.40000000000000002,0.13041013273932525,0.36385215543539745,0.43614784456460259,0.56999999999999995,0.08309489698388163,0.54696726966539422,0.59303273033460568,0.66333333333333333,0.023570226039551573,0.65680000000000005,0.66986666666666661,0.00040247489482921962,3.3127882081318696e-05,0.011158200809664433,0.01110072308761211,1.0051778358579599,0.88,1.0007872234987851,0.010614009737221264,0.99784517010056362,1.0037292768970068,7.0741127837133471,0.04404770408790655,1497.9886638391615,394.26786071893144,1499.8998356442057,395.29852805778631,62.435449350558663,7.3624595095783407,0.99426287414017478,0.00016049658651091117
fixed_received_snr,0,amplitude_raw_db,50,0.19666666666666666,0.064681322415267251,0.17873791880185469,0.21459541453147862,0.22333333333333327,0.098802352005935387,0.19594671859790702,0.25071994806875952,0.3899999999999999,0.098802352005935387,0.36261338526457365,0.41738661473542615,0.58492605105639262,0.031713800988057365,7.0741127837133471,5.9997162629324921,1.1790745551449995,1,1.0007872234987851,0.010614009737221264,0.99784517010056362,1.0037292768970068,7.0741127837133471,0.04404770408790655,1497.9886638391615,394.26786071893144,1499.8998356442057,395.29852805778631,62.435449350558663,7.3624595095783407,0.99426287414017478,0.00016049658651091117
fixed_received_snr,0,amplitude_db_standardized,50,0.51666666666666661,0.069416093986253563,0.49742550708045086,0.53590782625288236,0.67000000000000004,0.023570226039551594,0.66346666666666665,0.67653333333333343,0.65666666666666673,0.039982989580349203,0.64558394738543134,0.66774938594790212,0.033169067607864262,0.0030999581489749295,1.1421009095560706,1.178201642987319,0.96935946096653258,0,1.0007872234987851,0.010614009737221264,0.99784517010056362,1.0037292768970068,7.0741127837133471,0.04404770408790655,1497.9886638391615,394.26786071893144,1499.8998356442057,395.29852805778631,62.435449350558663,7.3624595095783407,0.99426287414017478,0.00016049658651091117
fixed_received_snr,0,phase,50,0.20000000000000001,0.095238095238095233,0.17360134683570225,0.22639865316429778,0.20000000000000001,0.095238095238095233,0.17360134683570225,0.22639865316429778,0.023333333333333331,0.058418305458977596,0.0071406051986290277,0.039526061468037638,0.062056107990681404,0.017799087530919244,8.3221592435508978,8.1961991870723647,1.0153681058260768,1,1.0007872234987851,0.010614009737221264,0.99784517010056362,1.0037292768970068,7.0741127837133471,0.04404770408790655,1497.9886638391615,394.26786071893144,1499.8998356442057,395.29852805778631,62.435449350558663,7.3624595095783407,0.99426287414017478,0.00016049658651091117
fixed_received_snr,0,phase_masked,50,0.20666666666666664,0.12848321488792419,0.17105293648043401,0.24228039685289926,0.20666666666666664,0.12848321488792419,0.17105293648043401,0.24228039685289926,0.019999999999999997,0.054710120443219323,0.0048351283113462051,0.035164871688653787,0.058448557737309476,0.022623731477829541,8.3327768646900306,8.1985616516456936,1.0163705804441192,1,1.0007872234987851,0.010614009737221264,0.99784517010056362,1.0037292768970068,7.0741127837133471,0.04404770408790655,1497.9886638391615,394.26786071893144,1499.8998356442057,395.29852805778631,62.435449350558663,7.3624595095783407,0.99426287414017478,0.00016049658651091117
fixed_received_snr,0,phase_weighted,50,0.54000000000000004,0.1891621339622972,0.4875669315539643,0.59243306844603572,0.62666666666666671,0.17994708216848748,0.57678788026068717,0.67654545307264624,0.28000000000000003,0.15591148136899904,0.2367835422295832,0.32321645777041685,0.029506750458054037,0.012155454732128876,0.34686360750310369,0.33859877360886464,1.0244089303872856,0.52000000000000002,1.0007872234987851,0.010614009737221264,0.99784517010056362,1.0037292768970068,7.0741127837133471,0.04404770408790655,1497.9886638391615,394.26786071893144,1499.8998356442057,395.29852805778631,62.435449350558663,7.3624595095783407,0.99426287414017478,0.00016049658651091117
fixed_received_snr,0,complex,50,0.81000000000000005,0.089150691556424091,0.78528868904956906,0.83471131095043105,1,0,1,1,0.33333333333333326,5.6074730667277685e-17,0.33333333333333326,0.33333333333333326,0.0010468258657551951,3.7163325860485408e-05,0.018082260653338563,0.019618193040310917,0.92170877390102324,0,1.0007872234987851,0.010614009737221264,0.99784517010056362,1.0037292768970068,7.0741127837133471,0.04404770408790655,1497.9886638391615,394.26786071893144,1499.8998356442057,395.29852805778631,62.435449350558663,7.3624595095783407,0.99426287414017478,0.00016049658651091117
fixed_received_snr,0,cir,50,0.83333333333333348,0.089087080637474808,0.80863965443006391,0.85802701223660305,1,0,1,1,0.33333333333333326,5.6074730667277685e-17,0.33333333333333326,0.33333333333333326,0.00069260339456736443,2.4588087175144997e-05,0.011963627877038854,0.012979835080015798,0.92170877390102346,0,1.0007872234987851,0.010614009737221264,0.99784517010056362,1.0037292768970068,7.0741127837133471,0.04404770408790655,1497.9886638391615,394.26786071893144,1499.8998356442057,395.29852805778631,62.435449350558663,7.3624595095783407,0.99426287414017478,0.00016049658651091117
fixed_received_snr,0,amp_phase_joint,50,0.20000000000000001,0.095238095238095233,0.17360134683570225,0.22639865316429778,0.20000000000000001,0.095238095238095233,0.17360134683570225,0.22639865316429778,0.023333333333333331,0.058418305458977596,0.0071406051986290277,0.039526061468037638,0.043879462689760534,0.012585622968360308,5.8846621995738113,5.795597397008077,1.0153676655683008,1,1.0007872234987851,0.010614009737221264,0.99784517010056362,1.0037292768970068,7.0741127837133471,0.04404770408790655,1497.9886638391615,394.26786071893144,1499.8998356442057,395.29852805778631,62.435449350558663,7.3624595095783407,0.99426287414017478,0.00016049658651091117
fixed_noise_power,30,amplitude,50,0.85333333333333317,0.1243577605447676,0.81886312074977696,0.88780354591688937,1,0,1,1,0.33333333333333326,5.6074730667277685e-17,0.33333333333333326,0.33333333333333326,0.0032383259066398442,7.6292257416261232e-06,0.00076704273500694225,0.005362355343685646,0.14304213090058659,0,0.0022133905799471974,2.2351846751143482e-05,0.0022071949641225652,0.0022195861957718297,0.80838917921686171,0.019893147701525365,109.19639824489857,68.687031694693204,108.95764031058428,69.465572161485042,3.2979723457544838,0.36294193091700894,0.99340397843465311,0.00030453012685786711
fixed_noise_power,30,amplitude_raw_db,50,0.84333333333333338,0.11373877059520178,0.81180655459243156,0.8748601120742352,1,0,1,1,0.33333333333333326,5.6074730667277685e-17,0.33333333333333326,0.33333333333333326,2.3859014309476687,0.026374773949626118,0.80838917921686171,4.132069987511259,0.19563782357514076,0,0.0022133905799471974,2.2351846751143482e-05,0.0022071949641225652,0.0022195861957718297,0.80838917921686171,0.019893147701525365,109.19639824489857,68.687031694693204,108.95764031058428,69.465572161485042,3.2979723457544838,0.36294193091700894,0.99340397843465311,0.00030453012685786711
fixed_noise_power,30,amplitude_db_standardized,50,0.87333333333333341,0.10942024088643865,0.84300358995602587,0.90366307671064094,1,0,1,1,0.33333333333333326,5.6074730667277685e-17,0.33333333333333326,0.33333333333333326,0.29254340674557328,0.0017136591781174854,0.13169898124313087,0.52185585729792838,0.25236658629270436,0,0.0022133905799471974,2.2351846751143482e-05,0.0022071949641225652,0.0022195861957718297,0.80838917921686171,0.019893147701525365,109.19639824489857,68.687031694693204,108.95764031058428,69.465572161485042,3.2979723457544838,0.36294193091700894,0.99340397843465311,0.00030453012685786711
fixed_noise_power,30,phase,50,0.73333333333333339,0.14677176197545183,0.69265027652695377,0.77401639013971302,0.92000000000000004,0.084112008250741374,0.89668534080597939,0.94331465919402069,0.34999999999999998,0.050507627227610534,0.33599999999999997,0.36399999999999999,0.081692716845192678,0.0084035281205475862,0.6066466569161032,0.70451109276162016,0.86108886453171773,0,0.0022133905799471974,2.2351846751143482e-05,0.0022071949641225652,0.0022195861957718297,0.80838917921686171,0.019893147701525365,109.19639824489857,68.687031694693204,108.95764031058428,69.465572161485042,3.2979723457544838,0.36294193091700894,0.99340397843465311,0.00030453012685786711
fixed_noise_power,30,phase_masked,50,0.72999999999999998,0.14241996598798268,0.69052319949922769,0.76947680050077227,0.91666666666666652,0.084179378712684216,0.8933333333333332,0.93999999999999984,0.34999999999999998,0.050507627227610534,0.33599999999999997,0.36399999999999999,0.082610721879275567,0.01039320676182091,0.60532022394769047,0.70441322319101896,0.85932546979394653,0,0.0022133905799471974,2.2351846751143482e-05,0.0022071949641225652,0.0022195861957718297,0.80838917921686171,0.019893147701525365,109.19639824489857,68.687031694693204,108.95764031058428,69.465572161485042,3.2979723457544838,0.36294193091700894,0.99340397843465311,0.00030453012685786711
fixed_noise_power,30,phase_weighted,50,0.81666666666666654,0.12256702548794049,0.78269282051669076,0.85064051281664232,1,0,1,1,0.33333333333333326,5.6074730667277685e-17,0.33333333333333326,0.33333333333333326,0.087540535410170539,0.0049097032857371532,0.018322068587524901,0.14990596179584878,0.12222374859564977,0,0.0022133905799471974,2.2351846751143482e-05,0.0022071949641225652,0.0022195861957718297,0.80838917921686171,0.019893147701525365,109.19639824489857,68.687031694693204,108.95764031058428,69.465572161485042,3.2979723457544838,0.36294193091700894,0.99340397843465311,0.00030453012685786711
fixed_noise_power,30,complex,50,0.84999999999999998,0.10780220402544544,0.82011875355864672,0.87988124644135324,1,0,1,1,0.33333333333333326,5.6074730667277685e-17,0.33333333333333326,0.33333333333333326,0.0053597064349882872,6.6882596468169662e-06,0.001086397900867573,0.0090433696501336786,0.1201319798811402,0,0.0022133905799471974,2.2351846751143482e-05,0.0022071949641225652,0.0022195861957718297,0.80838917921686171,0.019893147701525365,109.19639824489857,68.687031694693204,108.95764031058428,69.465572161485042,3.2979723457544838,0.36294193091700894,0.99340397843465311,0.00030453012685786711
fixed_noise_power,30,cir,50,0.83333333333333326,0.11664236870396087,0.80100171825871425,0.86566494840795227,1,0,1,1,0.33333333333333326,5.6074730667277685e-17,0.33333333333333326,0.33333333333333326,0.0035461015935820787,4.4251020983241663e-06,0.00071878513763023761,0.0059832955249835293,0.12013197988114022,0,0.0022133905799471974,2.2351846751143482e-05,0.0022071949641225652,0.0022195861957718297,0.80838917921686171,0.019893147701525365,109.19639824489857,68.687031694693204,108.95764031058428,69.465572161485042,3.2979723457544838,0.36294193091700894,0.99340397843465311,0.00030453012685786711
fixed_noise_power,30,amp_phase_joint,50,0.73333333333333339,0.14677176197545183,0.69265027652695377,0.77401639013971302,0.92000000000000004,0.084112008250741374,0.89668534080597939,0.94331465919402069,0.34999999999999998,0.050507627227610534,0.33599999999999997,0.36399999999999999,0.057840299940334405,0.0059433738587628491,0.42897269512223835,0.49829569522547296,0.86087979332860431,0,0.0022133905799471974,2.2351846751143482e-05,0.0022071949641225652,0.0022195861957718297,0.80838917921686171,0.019893147701525365,109.19639824489857,68.687031694693204,108.95764031058428,69.465572161485042,3.2979723457544838,0.36294193091700894,0.99340397843465311,0.00030453012685786711
fixed_noise_power,20,amplitude,50,0.85666666666666658,0.11172731625381017,0.82569743462366407,0.88763589870966908,1,0,1,1,0.33333333333333326,5.6074730667277685e-17,0.33333333333333326,0.33333333333333326,0.0024660806164517419,1.9527437962860139e-05,0.0023978793751620159,0.0058730405739792491,0.40828585209949347,0,0.022106170127227084,0.00022656283180553542,0.022043370114251153,0.022168970140203016,2.0259254502996766,0.023346442602366974,264.69317470816998,121.36663300170227,264.70155658422613,122.66678966618019,10.756135201266467,2.042295227511183,0.99385945343000559,0.00025777298023680516
fixed_noise_power,20,amplitude_raw_db,50,0.66333333333333344,0.10372867100377127,0.63458121263860134,0.69208545402806554,0.83333333333333348,1.1214946133455537e-16,0.83333333333333348,0.83333333333333348,0.33333333333333326,5.6074730667277685e-17,0.33333333333333326,0.33333333333333326,1.6620580501880569,0.029744360256975227,2.0259254502996766,4.1475779211842294,0.48845988883102842,0,0.022106170127227084,0.00022656283180553542,0.022043370114251153,0.022168970140203016,2.0259254502996766,0.023346442602366974,264.69317470816998,121.36663300170227,264.70155658422613,122.66678966618019,10.756135201266467,2.042295227511183,0.99385945343000559,0.00025777298023680516
fixed_noise_power,20,amplitude_db_standardized,50,0.68000000000000005,0.088063057185271104,0.65559016591617225,0.70440983408382785,0.83999999999999997,0.032991443953692898,0.83085523829360941,0.84914476170639053,0.33333333333333326,5.6074730667277685e-17,0.33333333333333326,0.33333333333333326,0.21511062511308199,0.0023275034315825231,0.3530215461434229,0.62235013824410523,0.56723944360233558,0,0.022106170127227084,0.00022656283180553542,0.022043370114251153,0.022168970140203016,2.0259254502996766,0.023346442602366974,264.69317470816998,121.36663300170227,264.70155658422613,122.66678966618019,10.756135201266467,2.042295227511183,0.99385945343000559,0.00025777298023680516
fixed_noise_power,20,phase,50,0.60999999999999988,0.14525760993018708,0.5697366447277703,0.65026335527222945,0.76999999999999991,0.081719058579669157,0.74734863261424489,0.79265136738575492,0.35666666666666669,0.058418305458977603,0.34047393853196239,0.37285939480137098,0.062587135474757694,0.01205284825566672,1.4705176372676112,1.5101259166236991,0.97377153857166887,0.17999999999999999,0.022106170127227084,0.00022656283180553542,0.022043370114251153,0.022168970140203016,2.0259254502996766,0.023346442602366974,264.69317470816998,121.36663300170227,264.70155658422613,122.66678966618019,10.756135201266467,2.042295227511183,0.99385945343000559,0.00025777298023680516
fixed_noise_power,20,phase_masked,50,0.60999999999999999,0.13723046143799583,0.57196165677167898,0.64803834322832099,0.77000000000000002,0.081719058579669157,0.747348632614245,0.79265136738575503,0.35333333333333333,0.054710120443219323,0.33816846164467956,0.3684982050219871,0.060745275597313346,0.016157440844597474,1.4705642032457007,1.5103011975487834,0.97368935787935817,0.16,0.022106170127227084,0.00022656283180553542,0.022043370114251153,0.022168970140203016,2.0259254502996766,0.023346442602366974,264.69317470816998,121.36663300170227,264.70155658422613,122.66678966618019,10.756135201266467,2.042295227511183,0.99385945343000559,0.00025777298023680516
fixed_noise_power,20,phase_weighted,50,0.81333333333333324,0.14537464307117856,0.77303753812947718,0.85362912853718931,0.9700000000000002,0.064681322415267251,0.95207125213518817,0.98792874786481222,0.33666666666666667,0.023570226039551587,0.33013333333333333,0.34320000000000001,0.069345392246129331,0.010427878392121817,0.059756306673702582,0.1614453725177096,0.37013328868963197,0,0.022106170127227084,0.00022656283180553542,0.022043370114251153,0.022168970140203016,2.0259254502996766,0.023346442602366974,264.69317470816998,121.36663300170227,264.70155658422613,122.66678966618019,10.756135201266467,2.042295227511183,0.99385945343000559,0.00025777298023680516
fixed_noise_power,20,complex,50,0.81999999999999995,0.11086139739831254,0.78927078841811182,0.85072921158188808,1,0,1,1,0.33333333333333326,5.6074730667277685e-17,0.33333333333333326,0.33333333333333326,0.0042001738867676287,2.4732194609756017e-05,0.0034055170988436328,0.0096246829361527255,0.35383161413574005,0,0.022106170127227084,0.00022656283180553542,0.022043370114251153,0.022168970140203016,2.0259254502996766,0.023346442602366974,264.69317470816998,121.36663300170227,264.70155658422613,122.66678966618019,10.756135201266467,2.042295227511183,0.99385945343000559,0.00025777298023680516
fixed_noise_power,20,cir,50,0.83999999999999997,0.11147333248304406,0.80910116866647253,0.87089883133352741,1,0,1,1,0.33333333333333326,5.6074730667277685e-17,0.33333333333333326,0.33333333333333326,0.0027789289383385917,1.6363372841823983e-05,0.0022531662429020357,0.0063679053902675189,0.35383161413574005,0,0.022106170127227084,0.00022656283180553542,0.022043370114251153,0.022168970140203016,2.0259254502996766,0.023346442602366974,264.69317470816998,121.36663300170227,264.70155658422613,122.66678966618019,10.756135201266467,2.042295227511183,0.99385945343000559,0.00025777298023680516
fixed_noise_power,20,amp_phase_joint,50,0.60999999999999988,0.14525760993018708,0.5697366447277703,0.65026335527222945,0.76999999999999991,0.081719058579669157,0.74734863261424489,0.79265136738575492,0.35666666666666669,0.058418305458977603,0.34047393853196239,0.37285939480137098,0.044297175231355922,0.0085236522578133068,1.039836204758293,1.0679270875895297,0.97369587946809921,0.17999999999999999,0.022106170127227084,0.00022656283180553542,0.022043370114251153,0.022168970140203016,2.0259254502996766,0.023346442602366974,264.69317470816998,121.36663300170227,264.70155658422613,122.66678966618019,10.756135201266467,2.042295227511183,0.99385945343000559,0.00025777298023680516
fixed_noise_power,10,amplitude,50,0.53333333333333333,0.11167656571008165,0.50237816862334961,0.56428849804331704,0.67333333333333334,0.032991443953692912,0.66418857162694278,0.6824780950397239,0.62666666666666682,0.071903185097816638,0.60673612059620841,0.64659721273712523,0.0011802127757808035,3.1128055918062109e-05,0.0068375334122238304,0.0085420722789038128,0.80045370595965937,0,0.22162556353193594,0.0024238223183473324,0.22095371426243962,0.22229741280143225,4.6359225840786449,0.042481125865176758,695.82865165225371,195.03908105628943,696.48886216705125,196.03081688403046,32.540245491228241,6.0333566122606284,0.99416434281464949,0.00019900132075212985
fixed_noise_power,10,amplitude_raw_db,50,0.49333333333333335,0.10079052613579392,0.46539562484542124,0.5212710418212454,0.66666666666666652,1.1214946133455537e-16,0.66666666666666652,0.66666666666666652,0.52999999999999992,0.064681322415267251,0.51207125213518789,0.54792874786481194,0.72931139059813321,0.026959480678035729,4.6359225840786449,5.0250338510650332,0.92256544363299797,0,0.22162556353193594,0.0024238223183473324,0.22095371426243962,0.22229741280143225,4.6359225840786449,0.042481125865176758,695.82865165225371,195.03908105628943,696.48886216705125,196.03081688403046,32.540245491228241,6.0333566122606284,0.99416434281464949,0.00019900132075212985
fixed_noise_power,10,amplitude_db_standardized,50,0.57999999999999996,0.11780301787479029,0.54734666938886622,0.6126533306111337,0.76000000000000001,0.083571089403734533,0.7368352758608171,0.78316472413918292,0.55333333333333323,0.0978220884960673,0.52621843378017652,0.58044823288648995,0.10231983368686411,0.0042724809290615746,0.8089790496658138,0.92536119409261952,0.87423057594183373,0,0.22162556353193594,0.0024238223183473324,0.22095371426243962,0.22229741280143225,4.6359225840786449,0.042481125865176758,695.82865165225371,195.03908105628943,696.48886216705125,196.03081688403046,32.540245491228241,6.0333566122606284,0.99416434281464949,0.00019900132075212985
fixed_noise_power,10,phase,50,0.26333333333333336,0.095772311243422698,0.23678660304712129,0.28988006361954544,0.26666666666666666,0.095238095238095247,0.2402680135023689,0.29306531983096445,0.050000000000000003,0.08417937871268423,0.026666666666666672,0.073333333333333334,0.058513565420498702,0.013838078760533631,3.8657147314014093,3.7784978585371238,1.0230824195565515,0.97999999999999998,0.22162556353193594,0.0024238223183473324,0.22095371426243962,0.22229741280143225,4.6359225840786449,0.042481125865176758,695.82865165225371,195.03908105628943,696.48886216705125,196.03081688403046,32.540245491228241,6.0333566122606284,0.99416434281464949,0.00019900132075212985
fixed_noise_power,10,phase_masked,50,0.24333333333333335,0.090413512124035839,0.21827198638008458,0.26839468028658209,0.2466666666666667,0.090601417097335463,0.2215532351121291,0.2717800982212043,0.043333333333333328,0.073847916282242021,0.022863735280502773,0.063802931386163886,0.056386966404928386,0.01983900750477257,3.8693825675947293,3.7802345265623423,1.0235826746742764,0.97999999999999998,0.22162556353193594,0.0024238223183473324,0.22095371426243962,0.22229741280143225,4.6359225840786449,0.042481125865176758,695.82865165225371,195.03908105628943,696.48886216705125,196.03081688403046,32.540245491228241,6.0333566122606284,0.99416434281464949,0.00019900132075212985
fixed_noise_power,10,phase_weighted,50,0.72666666666666668,0.16754868653103983,0.68022454019606771,0.77310879313726566,0.89666666666666672,0.12089049785510575,0.86315753026743636,0.93017580306589709,0.35333333333333333,0.10983392947305522,0.32288892133010649,0.38377774533656017,0.044806251588347529,0.012688944416929977,0.18077914161793465,0.23213897960704691,0.77875392544564648,0.080000000000000002,0.22162556353193594,0.0024238223183473324,0.22095371426243962,0.22229741280143225,4.6359225840786449,0.042481125865176758,695.82865165225371,195.03908105628943,696.48886216705125,196.03081688403046,32.540245491228241,6.0333566122606284,0.99416434281464949,0.00019900132075212985
fixed_noise_power,10,complex,50,0.82999999999999996,0.078895435837051872,0.80813130090746133,0.85186869909253859,1,0,1,1,0.33333333333333326,5.6074730667277685e-17,0.33333333333333326,0.33333333333333326,0.0023094215303949188,3.7512241238775757e-05,0.010044935340322905,0.013393716783028278,0.74997370058259338,0,0.22162556353193594,0.0024238223183473324,0.22095371426243962,0.22229741280143225,4.6359225840786449,0.042481125865176758,695.82865165225371,195.03908105628943,696.48886216705125,196.03081688403046,32.540245491228241,6.0333566122606284,0.99416434281464949,0.00019900132075212985
fixed_noise_power,10,cir,50,0.84333333333333338,0.11373877059520178,0.81180655459243156,0.8748601120742352,1,0,1,1,0.33333333333333326,5.6074730667277685e-17,0.33333333333333326,0.33333333333333326,0.001527964911608835,2.4818937389422268e-05,0.0066459537756055906,0.0088615824400814225,0.74997370058259327,0,0.22162556353193594,0.0024238223183473324,0.22095371426243962,0.22229741280143225,4.6359225840786449,0.042481125865176758,695.82865165225371,195.03908105628943,696.48886216705125,196.03081688403046,32.540245491228241,6.0333566122606284,0.99416434281464949,0.00019900132075212985
fixed_noise_power,10,amp_phase_joint,50,0.26333333333333336,0.095772311243422698,0.23678660304712129,0.28988006361954544,0.26666666666666666,0.095238095238095247,0.2402680135023689,0.29306531983096445,0.050000000000000003,0.08417937871268423,0.026666666666666672,0.073333333333333334,0.041385906008194182,0.0097840971471090527,2.7334911277754359,2.6718386351965693,1.0230749311604033,0.97999999999999998,0.22162556353193594,0.0024238223183473324,0.22095371426243962,0.22229741280143225,4.6359225840786449,0.042481125865176758,695.82865165225371,195.03908105628943,696.48886216705125,196.03081688403046,32.540245491228241,6.0333566122606284,0.99416434281464949,0.00019900132075212985
fixed_noise_power,0,amplitude,50,0.16666666666666663,2.8037365333638842e-17,0.16666666666666663,0.16666666666666663,0.17000000000000001,0.023570226039551584,0.16346666666666668,0.17653333333333335,0.0033333333333333331,0.02357022603955158,-0.0031999999999999989,0.0098666666666666659,0.00076468127042488108,6.6491124311819137e-05,0.012789734508442572,0.011962991050185992,1.0691084240377933,1,2.2153536579880138,0.02083512799125789,2.2095784551545266,2.221128860821501,8.6100722101250113,0.04619267647628314,1809.0789590936965,374.57416908391838,1811.8253067855765,375.5923451025825,74.061357509988142,7.9818314676217765,0.99437441903699564,0.00012490878300591669
fixed_noise_power,0,amplitude_raw_db,50,0.16666666666666663,2.8037365333638842e-17,0.16666666666666663,0.16666666666666663,0.16666666666666663,2.8037365333638842e-17,0.16666666666666663,0.16666666666666663,0,0,0,0,1.4644852504889325,0.043622778773177516,8.6100722101250113,6.089827778964632,1.413844943179799,1,2.2153536579880138,0.02083512799125789,2.2095784551545266,2.221128860821501,8.6100722101250113,0.04619267647628314,1809.0789590936965,374.57416908391838,1811.8253067855765,375.5923451025825,74.061357509988142,7.9818314676217765,0.99437441903699564,0.00012490878300591669
fixed_noise_power,0,amplitude_db_standardized,50,0.51666666666666661,0.060702613257056955,0.49984076071450134,0.53349257261883187,0.67666666666666675,0.039982989580349224,0.66558394738543136,0.68774938594790214,0.63000000000000012,0.069741992932746702,0.61066850583460597,0.64933149416539426,0.027269400634226792,0.0039412322266326703,1.249641858648749,1.2794379159996296,0.97671160360477449,0,2.2153536579880138,0.02083512799125789,2.2095784551545266,2.221128860821501,8.6100722101250113,0.04619267647628314,1809.0789590936965,374.57416908391838,1811.8253067855765,375.5923451025825,74.061357509988142,7.9818314676217765,0.99437441903699564,0.00012490878300591669
fixed_noise_power,0,phase,50,0.14333333333333331,0.11669095956993186,0.1109882495578282,0.17567841710883841,0.14666666666666667,0.11971242942834795,0.11348407417535514,0.1798492591579782,0.026666666666666665,0.061721339984836761,0.009558384072164864,0.043774949261168469,0.065381275098439176,0.013596012820715195,10.050438661631649,9.8884137774489265,1.0163853260825542,1,2.2153536579880138,0.02083512799125789,2.2095784551545266,2.221128860821501,8.6100722101250113,0.04619267647628314,1809.0789590936965,374.57416908391838,1811.8253067855765,375.5923451025825,74.061357509988142,7.9818314676217765,0.99437441903699564,0.00012490878300591669
fixed_noise_power,0,phase_masked,50,0.16333333333333333,0.12367208488781478,0.12905318034521368,0.19761348632145298,0.16666666666666669,0.13041013273932525,0.13051882210206414,0.20281451123126923,0.019999999999999997,0.054710120443219323,0.0048351283113462051,0.035164871688653787,0.06183120258603849,0.020326686509001327,10.065696148808758,9.8928095875263793,1.017475981899052,1,2.2153536579880138,0.02083512799125789,2.2095784551545266,2.221128860821501,8.6100722101250113,0.04619267647628314,1809.0789590936965,374.57416908391838,1811.8253067855765,375.5923451025825,74.061357509988142,7.9818314676217765,0.99437441903699564,0.00012490878300591669
fixed_noise_power,0,phase_weighted,50,0.4966666666666667,0.21688894929555683,0.43654811711663183,0.55678521621670163,0.57333333333333336,0.2237588595137282,0.51131054182354507,0.63535612484312165,0.27000000000000002,0.1746067820695153,0.22160146926013377,0.31839853073986624,0.024642549104197987,0.0094483385913327368,0.41145198616660084,0.39781101724048512,1.0342900732632789,0.69999999999999996,2.2153536579880138,0.02083512799125789,2.2095784551545266,2.221128860821501,8.6100722101250113,0.04619267647628314,1809.0789590936965,374.57416908391838,1811.8253067855765,375.5923451025825,74.061357509988142,7.9818314676217765,0.99437441903699564,0.00012490878300591669
fixed_noise_power,0,complex,50,0.83666666666666667,0.0857803977840563,0.81288955348800029,0.86044377984533305,1,0,1,1,0.33333333333333326,5.6074730667277685e-17,0.33333333333333326,0.33333333333333326,0.00081459568239645758,4.2775305213573277e-05,0.021688727490609204,0.022843402953730215,0.94945256337421224,0,2.2153536579880138,0.02083512799125789,2.2095784551545266,2.221128860821501,8.6100722101250113,0.04619267647628314,1809.0789590936965,374.57416908391838,1811.8253067855765,375.5923451025825,74.061357509988142,7.9818314676217765,0.99437441903699564,0.00012490878300591669
fixed_noise_power,0,cir,50,0.83333333333333348,0.095238095238095247,0.80693468016903569,0.85973198649763127,1,0,1,1,0.33333333333333326,5.6074730667277685e-17,0.33333333333333326,0.33333333333333326,0.00053895471375336079,2.830109817090124e-05,0.014349746959113969,0.015113706058275427,0.94945256337421247,0,2.2153536579880138,0.02083512799125789,2.2095784551545266,2.221128860821501,8.6100722101250113,0.04619267647628314,1809.0789590936965,374.57416908391838,1811.8253067855765,375.5923451025825,74.061357509988142,7.9818314676217765,0.99437441903699564,0.00012490878300591669
fixed_noise_power,0,amp_phase_joint,50,0.14333333333333331,0.11669095956993186,0.1109882495578282,0.17567841710883841,0.14666666666666667,0.11971242942834795,0.11348407417535514,0.1798492591579782,0.026666666666666665,0.061721339984836761,0.009558384072164864,0.043774949261168469,0.046230866698544398,0.0096136015547385548,7.1067409763023672,6.9921737200877638,1.0163850700513153,1,2.2153536579880138,0.02083512799125789,2.2095784551545266,2.221128860821501,8.6100722101250113,0.04619267647628314,1809.0789590936965,374.57416908391838,1811.8253067855765,375.5923451025825,74.061357509988142,7.9818314676217765,0.99437441903699564,0.00012490878300591669
